-- phpMyAdmin SQL Dump
-- version 3.4.10.1deb1
-- http://www.phpmyadmin.net
--
-- Host: localhost
-- Generation Time: Jan 16, 2014 at 07:26 AM
-- Server version: 5.5.34
-- PHP Version: 5.3.10-1ubuntu3.9

SET SQL_MODE="NO_AUTO_VALUE_ON_ZERO";
SET time_zone = "+00:00";


/*!40101 SET @OLD_CHARACTER_SET_CLIENT=@@CHARACTER_SET_CLIENT */;
/*!40101 SET @OLD_CHARACTER_SET_RESULTS=@@CHARACTER_SET_RESULTS */;
/*!40101 SET @OLD_COLLATION_CONNECTION=@@COLLATION_CONNECTION */;
/*!40101 SET NAMES utf8 */;

--
-- Database: `CacheIn`
--

-- --------------------------------------------------------

--
-- Table structure for table `answers`
--

CREATE TABLE IF NOT EXISTS `answers` (
  `id` int(11) NOT NULL AUTO_INCREMENT,
  `qid` int(11) NOT NULL,
  `answer` varchar(256) DEFAULT NULL,
  `next_qid` int(11) NOT NULL,
  `points` int(11) NOT NULL DEFAULT '0',
  PRIMARY KEY (`id`),
  KEY `qid` (`qid`),
  KEY `next_qid` (`next_qid`)
) ENGINE=InnoDB  DEFAULT CHARSET=latin1 AUTO_INCREMENT=33 ;

--
-- Dumping data for table `answers`
--

INSERT INTO `answers` (`id`, `qid`, `answer`, `next_qid`, `points`) VALUES
(1, 1, 'felicity2k14', 2, 0),
(2, 2, 'felixfelicis', 3, 0),
(3, 3, 'wildkale', 4, 0),
(4, 4, 'shawshankredemption', 5, 0),
(5, 5, 'microsoft', 6, 0),
(6, 6, 'romanabramovich', 7, 0),
(7, 7, '12angrymen', 8, 0),
(8, 8, 'shishirmehrotra', 9, 0),
(9, 9, 'tomorrowland2013', 10, 0),
(10, 10, 'soma', 11, 0),
(11, 11, 'bigbrother', 12, 0),
(12, 12, 'pepsi', 13, 0),
(13, 13, 'kimberlyclark', 14, 0),
(14, 14, 'montana', 15, 0),
(15, 15, '370', 16, 0),
(16, 16, 'gohan', 17, 0),
(17, 3, 'wildcabbage', 4, 0),
(18, 17, 'february', 18, 0),
(19, 18, 'pokemon', 19, 0),
(20, 19, 'forrestgump', 20, 0),
(21, 20, 'k', 21, 0),
(22, 20, 'letterk', 21, 0),
(23, 21, 'sauron', 22, 0),
(24, 22, 'googlenexus', 23, 0),
(25, 22, 'nexus', 23, 0),
(26, 23, 'twistoffate', 24, 0),
(27, 24, 'hullo', 25, 0),
(28, 25, 'continents', 26, 0),
(29, 9, 'tomorrowland', 10, 0),
(30, 27, 'zaraki', 28, 0),
(31, 28, 'martinseptim', 28, 0),
(32, 26, 'benedictcumberbatch', 27, 0);

-- --------------------------------------------------------

--
-- Table structure for table `attachments`
--

CREATE TABLE IF NOT EXISTS `attachments` (
  `id` int(11) NOT NULL AUTO_INCREMENT,
  `qid` int(11) NOT NULL,
  `attachment` varchar(2048) NOT NULL,
  `type` varchar(256) DEFAULT NULL,
  PRIMARY KEY (`id`),
  KEY `qid` (`qid`)
) ENGINE=InnoDB  DEFAULT CHARSET=latin1 AUTO_INCREMENT=29 ;

--
-- Dumping data for table `attachments`
--

INSERT INTO `attachments` (`id`, `qid`, `attachment`, `type`) VALUES
(2, 1, '1.html', 'html'),
(3, 2, '2-4038.png', 'png'),
(4, 3, '3-11871.png', 'png'),
(5, 4, '4-7158.png', 'png'),
(6, 5, '5-22486.png', 'png'),
(7, 6, '6-10050.png', 'png'),
(8, 7, '7-27041.png', 'png'),
(9, 8, '8-1438.png', 'png'),
(10, 9, '9-138.png', 'png'),
(11, 10, '10-17916.jpg', 'jpg'),
(12, 11, '11-19167.png', 'png'),
(13, 12, '12-3185.jpg', 'jpg'),
(14, 13, '13-5746.png', 'png'),
(15, 14, '16-6913.png', 'png'),
(16, 15, '15-20325.png', 'png'),
(17, 16, '14-12798.png', 'png'),
(18, 17, '18-2013.png', 'png'),
(19, 18, '17-8021.png', 'png'),
(20, 19, '19-30829.png', 'png'),
(21, 20, '20-26113.png', 'png'),
(22, 21, '21-2772.png', 'png'),
(23, 22, '22-1402.png', 'png'),
(24, 23, '23-4064.png', 'png'),
(25, 24, '24-22932.png', 'png'),
(26, 26, '26-30140.png', 'png'),
(27, 27, '27_19203.png', 'png'),
(28, 28, '28_23222.png', 'png');

-- --------------------------------------------------------

--
-- Table structure for table `comments`
--

CREATE TABLE IF NOT EXISTS `comments` (
  `id` int(11) NOT NULL AUTO_INCREMENT,
  `qid` int(11) NOT NULL,
  `user_id` int(11) NOT NULL,
  `comment` varchar(2048) NOT NULL,
  `visual` tinyint(1) DEFAULT '0',
  `time` int(20) DEFAULT NULL,
  PRIMARY KEY (`id`),
  KEY `qid` (`qid`),
  KEY `user_id` (`user_id`)
) ENGINE=InnoDB  DEFAULT CHARSET=latin1 AUTO_INCREMENT=169 ;

--
-- Dumping data for table `comments`
--

INSERT INTO `comments` (`id`, `qid`, `user_id`, `comment`, `visual`, `time`) VALUES
(1, 1, 27, 'the game is on', 1, 1389807185),
(3, 1, 68, 'please provide some more hints.', 1, 1389808134),
(4, 3, 42, 'Are you sure there was no speling mistakes? :P', 1, 1389808231),
(5, 1, 53, 'any hint!!', 1, 1389808437),
(6, 1, 105, 'ahhhhhhhhhhh\n', 1, 1389808565),
(7, 1, 55, 'Any hints?', 1, 1389808703),
(8, 1, 12, 'Yeah, it''s not as obvious as i would imagine', 1, 1389808795),
(9, 1, 1, 'Don''t think too much. Answer lies in the SOURCE CODE itself.', 1, 1389808795),
(10, 1, 29, 'please provide some hints. ', 1, 1389809479),
(11, 1, 14, 'please more hints!!', 1, 1389809711),
(12, 1, 78, 'Is it the websites name?', 1, 1389809730),
(13, 1, 10, 'Ant hint? ', 1, 1389809767),
(14, 2, 130, 'Hint as to the relation to harry potter?', 1, 1389810109),
(15, 1, 10, 'Admin any non trivial hint pls', 1, 1389810221),
(16, 1, 100, 'What the hell?', 1, 1389810247),
(17, 1, 1, 'INSPECT closely. May the FIREBUG be with you! ', 1, 1389810469),
(18, 3, 42, 'So, if I have an answer, I try the wikipedia spellings. Would that be fine? Or should I also try possible other spellings?', 1, 1389810544),
(19, 3, 19, 'adsf', 1, 1389810554),
(20, 2, 31, 'Any clues??', 1, 1389810630),
(21, 3, 19, 'Jonathan Doue', 1, 1389810916),
(22, 3, 94, 'Abe sab kuch to try kar liya >.<', 1, 1389811006),
(23, 1, 183, 'What is this?', 1, 1389811224),
(24, 1, 23, 'tried everything\nfor=answer /// so tried for\nname=answer ////// so tried name\nwhat left??????\n', 1, 1389811479),
(25, 1, 52, 'ans pls\n', 1, 1389811861),
(26, 1, 207, 'yeah...in quite dark..hints\n', 1, 1389812246),
(27, 1, 197, 'i m not getting it?give another hint', 1, 1389812251),
(28, 3, 116, 'Hints please! ', 1, 1389812290),
(29, 1, 207, 'hint plzzz', 1, 1389812482),
(30, 1, 216, 'abcd', 1, 1389812568),
(31, 5, 54, 'Any hints???', 1, 1389812706),
(32, 1, 207, 'dont undrsrnd the rule no 3', 1, 1389812860),
(33, 3, 42, 'Please let us know if you changed the answer in between (becuase the question seems to have lost "Question")\nI will have to try from all answers from the beginning.', 1, 1389812880),
(34, 3, 171, 'Tineye Doesn''t shows you have exceeded your search limit.\nIf there is no other way to answer you should probably change then', 1, 1389812969),
(35, 3, 113, 'any clues?', 1, 1389813385),
(36, 4, 103, 'is it related to a movie?', 1, 1389813391),
(37, 1, 52, 'some more hints', 1, 1389813809),
(38, 3, 19, 'Brassica', 1, 1389813905),
(39, 1, 183, 'hint please\n', 1, 1389813961),
(40, 3, 166, 'Can we have a hint please?\n', 1, 1389814016),
(41, 3, 163, '@moderators, some hints here...', 1, 1389814356),
(42, 3, 1, 'Now, we are also accepting alternate answers for this question. Try now!', 1, 1389814426),
(43, 1, 227, 'some more hints\n', 1, 1389814468),
(44, 3, 1, 'No, tineye is surely not the only way to reach the answer. We just wanted to encourage the user to use any reverse image search. You can still use google image search or any other site if you want.', 1, 1389814596),
(45, 1, 210, 'What we should do to solve the problem? We should find some hints in html-code of the page, google this phrase, or what? Please, provide some more hints!', 1, 1389814845),
(46, 1, 225, 'hints ?\n', 1, 1389815055),
(47, 1, 108, 'is there an image coz its not loading after many tries\n', 1, 1389815150),
(49, 2, 12, 'Hmmm, I haven''t got a clue about harry potter ... Any hints ?', 1, 1389815822),
(50, 3, 14, 'any hint??\n', 1, 1389815833),
(51, 5, 66, 'hint dedo, bahut try kar liya.', 1, 1389816116),
(52, 3, 10, '@admin : Please give some hint...what after getting what all pictures mean?', 1, 1389816212),
(53, 2, 241, 'luck?', 1, 1389817062),
(55, 7, 54, 'hint please.....\n', 1, 1389817588),
(56, 3, 15, 'is any hash is the answer.?\nany hint.?', 1, 1389818767),
(57, 3, 15, 'hint plzz..??', 1, 1389818824),
(58, 5, 103, 'hint please???', 1, 1389819223),
(59, 12, 46, 'hint ?? this is really vague ', 1, 1389819735),
(60, 12, 1, 'You just need to look a bit deeper. !!!', 1, 1389820032),
(61, 3, 1, 'There are no Hashes .. Read the rules.', 1, 1389820032),
(62, 3, 31, 'If found two images in that four images in tineye.com, then what to do go on with sites there but nothing found!. Dont know what to do next?', 1, 1389820525),
(63, 5, 42, 'What colour is the snake? Green or yellow? I''m colour blind :P', 1, 1389821109),
(64, 5, 162, 'hint please!', 1, 1389821845),
(65, 5, 265, 'Hints?', 1, 1389821996),
(66, 5, 247, 'hints!', 1, 1389822059),
(67, 13, 46, 'is something related to NSW Minerals Council the answer', 1, 1389822250),
(68, 9, 169, 'Any hint??\n', 1, 1389823800),
(69, 5, 266, 'Hint do !!', 1, 1389823847),
(70, 8, 66, 'hint do please.', 1, 1389824182),
(71, 8, 1, 'Hint : The page has a lot of ads on it..', 1, 1389824701),
(72, 8, 103, 'hints\n??', 1, 1389825217),
(73, 5, 42, 'Is it "its" or "it''s"?', 1, 1389825465),
(74, 4, 31, 'is it movie name or any other?', 1, 1389825594),
(75, 3, 15, 'plzz give some hint...??', 1, 1389825847),
(76, 9, 244, 'Hint?', 1, 1389826147),
(77, 5, 117, 'any hints plzz ???\n', 1, 1389826165),
(78, 5, 108, 'any clues?\n', 1, 1389826387),
(79, 5, 42, 'Does the fourth image stand for "Bruce Lee" himself? ', 1, 1389827014),
(80, 10, 274, 'any verbal clue..', 1, 1389827020),
(81, 15, 46, 'hint is the second photo from harry potter??', 1, 1389827309),
(82, 5, 108, 'Come on give something at least!!!', 1, 1389827513),
(83, 12, 169, 'kitna deep is deeper?\n', 1, 1389827631),
(84, 6, 23, 'hints??', 1, 1389828052),
(85, 1, 1, 'For those, who are still struggling to find the answer, either *INSPECT ELEMENT* or visit this link: <a href=''http://felicity.iiit.ac.in/threads/hint''>http://felicity.iiit.ac.in/threads/hint</a>.', 1, 1389828886),
(86, 15, 46, 'hint please wat is the connection???', 1, 1389829443),
(87, 12, 123, 'Fuck deep man! X(\n', 1, 1389829468),
(88, 8, 54, 'Is it a name of player???', 1, 1389829489),
(89, 5, 12, 'Any Hints ?', 1, 1389829534),
(90, 5, 31, 'Is related to the death of the Bruce Lee?...or else', 1, 1389829709),
(91, 8, 54, 'Some more hints..plzz\n', 1, 1389830413),
(92, 12, 264, 'hint ?? stuck here for a long time .... getting nowhere', 1, 1389830474),
(93, 9, 103, 'hint please?', 1, 1389830807),
(94, 5, 1, 'The world is a COLORFUL place..', 1, 1389830994),
(95, 3, 1, 'HINT :: Every Child has a PARENT.', 1, 1389831691),
(96, 5, 31, 'Is it any Steg Analysis...may RGB...??', 0, 1389831937),
(97, 9, 265, 'Hints?', 0, 1389832423),
(99, 5, 42, 'I can''t believe I''ve spent 4 hours on this.', 0, 1389833381),
(100, 5, 31, 'clue clue...some thing...more...admin...', 0, 1389833449),
(101, 8, 302, 'Hint plzz...stuck!!!', 1, 1389833666),
(102, 8, 297, 'More Hints please!!!!!!! ', 1, 1389835864),
(103, 10, 122, 'what is the question..?', 0, 1389836433),
(104, 5, 15, 'plzz give a hint..??\n', 0, 1389836978),
(105, 9, 1, 'Now we are accepting alternate answer to this question...', 1, 1389839263),
(106, 8, 331, 'some more hints??\n', 1, 1389839635),
(107, 8, 1, 'HINT :: Somebody started VIDEO ADVERTISING.. who is he??', 1, 1389840582),
(108, 12, 1, 'HINT :: Focus on his DRINKING in fact whats he DRINKING ???', 1, 1389840744),
(109, 10, 1, 'HINT :: Your love is my ____ ??', 1, 1389840960),
(110, 12, 29, 'hint please!! Can you be a little bit elaborate', 1, 1389846065),
(111, 4, 159, 'does it one-word answer?', 0, 1389847122),
(112, 2, 346, 'Paul McCartney', 0, 1389853466),
(113, 2, 346, 'yo can we get a hint for this one? I''m really confused as to how to go about doing it.', 0, 1389854632),
(114, 3, 281, 'i am not getting ans i have tried all their family names...\npls help', 0, 1389857101),
(115, 3, 346, 'In what format should I submit the answer?', 0, 1389860058),
(116, 8, 8, 'how MIT relates to the answer?', 1, 1389860787),
(117, 3, 346, 'omg how do you enter this one in', 0, 1389861434),
(118, 5, 31, 'i got here for 10 hours.......clue clue clue.....tried lots of answers....clue..pls... :-(', 0, 1389866722),
(119, 15, 65, '@admin  -  hint please!!', 0, 1389867175),
(120, 5, 346, 'does this image have to do with bruce lee or just the colors in each image', 0, 1389867363),
(121, 8, 117, 'not getting !! plzz give any other hint plzzz !!!   \n', 1, 1389868209),
(122, 8, 7, 'Even without the hints I could figure out which website to visit. I entered all the names I could find and more, but none was an accepted answer. Apparently I am missing something obvious, obvious because others have been successful in finding. \n\nThat is the pleasure of participating with this competition: finding the obvious of a collection of puzzles. To think outside the box. Things hidden by authors who spent time and energy creating. Personally it is not to answer -all- but to find -as much as possible-, to maximize the enjoyment of thinking outside of the box.  \n\nThe penalty for not finding the answer to this one (or even future ones) is effectively disqualification. Not being able to find and answer other challenges I would have been capable to solve. Enjoyment transforms into disappointment and the only option left is to beg for hints. \n\nHints not only unfair for others who have solved the challenge, but often not being more than confirming what one already knows. Unless something magical happens I do not expect to answer this question. I have also spent far too much time on it. I would gladly sacrifice one or more points to be able to skip it and continue with experiencing the joys of the other questions. \n\nBreak-in has changed to make approach possible, why has Cache-in not? Why has nothing been learnt from the disappointments from previous years. It is about participation, not winning. Please take away some points and let me progress to the next question.\n\n', 1, 1389870897),
(123, 9, 331, 'any hints??\n', 0, 1389871038),
(124, 1, 356, 'I tried many keywords.... Are u sure answer is in "1word+lowercase+singular(no ''s'')"??', 0, 1389872401),
(125, 5, 174, 'Any other hint plz...', 0, 1389873655),
(126, 8, 8, 'Does "somebody"  refer to some person''s name? \nThe video ad can be started playing automatically, or by user, by virus etc. On the other hand video ads seem to have long long history. Please give more clues.', 1, 1389874837),
(127, 8, 8, 'hints please, stuck here for 12 hours.', 1, 1389874903),
(128, 14, 169, 'Is it related to tony montana\n', 0, 1389875330),
(129, 17, 367, 'could you give us some hints .. the question is vague !! ', 0, 1389875546),
(130, 12, 244, 'Is it just me or is this too vague?', 1, 1389876061),
(131, 8, 15, 'Some more hints..plzz..??', 1, 1389876267),
(132, 15, 29, 'hint do', 0, 1389878879),
(133, 2, 356, 'hint?', 0, 1389880627),
(134, 8, 7, 'I like the questions/challenges as they make me think outside the box. I am stuk and effectively disqualified. . Please take away some points and let me progress to the next question.', 1, 1389880824),
(135, 8, 319, 'hint please', 1, 1389881150),
(136, 8, 15, 'plzz give some hints..plzz..??\n', 1, 1389881165),
(137, 12, 331, 'any more hint??\n', 1, 1389881656),
(138, 9, 117, 'plzz give some hints !!', 0, 1389882289),
(139, 8, 1, 'BIG HINT :: Search GOOGLE YOUTUBE ADS massachusetts institute of technology around.', 1, 1389883365),
(140, 9, 1, 'HINT :: THE place the biggest DJ''s party.', 1, 1389883445),
(141, 12, 1, 'HINT :: It''s NOT a HARD DRINK, but what is it ???', 1, 1389883616),
(142, 15, 29, 'admin where are you ??', 0, 1389884287),
(143, 15, 29, 'admin who are you ?? ', 0, 1389884302),
(144, 8, 100, 'Any other hint ? Can''t really figure out who is he!', 0, 1389884986),
(145, 13, 331, 'any hints??\n', 0, 1389885253),
(146, 3, 280, 'Not reaching to the answer need more HINT!!', 0, 1389886027),
(147, 3, 320, 'hint.....please', 0, 1389886099),
(148, 5, 356, 'is it some name of place?', 0, 1389886535),
(149, 10, 116, 'Any more hints please?\n', 0, 1389887443),
(150, 10, 385, 'some more hint..\n\n', 0, 1389889469),
(151, 3, 395, '@admin .. tried full wiki.. no use.. better hint plz', 0, 1389890117),
(152, 3, 183, 'hint plse', 0, 1389890887),
(153, 12, 104, 'Any more hint??', 0, 1389890929),
(154, 8, 15, 'm continously trying it for 5 hours but not get it..plzz give some hint..plzz..??\n', 0, 1389891003),
(155, 8, 15, 'its name of a person or what..?? hint plzz..??\n', 0, 1389891034),
(156, 15, 29, 'hint do\n', 0, 1389891227),
(157, 15, 29, 'hint do', 0, 1389891234),
(158, 15, 29, 'hint do', 0, 1389891241),
(159, 10, 15, 'any hints plzz..??\n', 0, 1389891683),
(160, 3, 183, 'hint ples', 0, 1389891861),
(161, 13, 384, 'hint ...hint....>.<', 0, 1389892015),
(162, 13, 385, 'some hint please....\n', 0, 1389892299),
(163, 7, 389, 'hint please', 0, 1389892362),
(164, 10, 31, 'i tried possible terms... love,life,drug,soul,bravenewworld,world,..etc.but no use!', 0, 1389892379),
(165, 10, 31, 'Please update the hint!..admin', 0, 1389892397),
(166, 2, 311, 'D:...', 0, 1389892612),
(167, 5, 356, 'any hiint pls.. tired of trying', 0, 1389892869),
(168, 15, 1, 'HINT : Emancipate yourselves from mental SLAVERY, none but ourselves can FREE our minds!', 1, 1389893019);

-- --------------------------------------------------------

--
-- Table structure for table `questions`
--

CREATE TABLE IF NOT EXISTS `questions` (
  `id` int(11) NOT NULL AUTO_INCREMENT,
  `question` varchar(16384) DEFAULT NULL,
  PRIMARY KEY (`id`)
) ENGINE=InnoDB  DEFAULT CHARSET=latin1 AUTO_INCREMENT=29 ;

--
-- Dumping data for table `questions`
--

INSERT INTO `questions` (`id`, `question`) VALUES
(1, 'May the SOURCE be with you!'),
(2, 'All you need is a little luck!'),
(3, 'Reverse Image search is your best friend!'),
(4, 'Connect these POSTERS!'),
(5, 'Its all squares now!'),
(6, 'Who is he?'),
(7, ''),
(8, 'The truth of the story lies in the details.'),
(9, 'We like to party!!'),
(10, ''),
(11, 'riguardare queste immagini'),
(12, ''),
(13, ''),
(14, ''),
(15, ''),
(16, ''),
(17, ''),
(18, ''),
(19, ''),
(20, 'You hardly get to THE LETTER! :P'),
(21, ''),
(22, ''),
(23, 'May the FATE be with you!'),
(24, ''),
(25, 'Big is First:<br />1-1-14-19-1-5-1'),
(26, ''),
(27, 'Watts !!!!'),
(28, 'Lets Play !!!');

-- --------------------------------------------------------

--
-- Table structure for table `user`
--

CREATE TABLE IF NOT EXISTS `user` (
  `id` int(11) NOT NULL AUTO_INCREMENT,
  `cur_question` int(11) NOT NULL DEFAULT '1',
  `score` int(11) NOT NULL DEFAULT '0',
  `name` varchar(256) NOT NULL,
  `nick` varchar(256) NOT NULL,
  `email` varchar(256) NOT NULL,
  `last_submit_time` int(20) DEFAULT NULL,
  `penalty` int(20) NOT NULL DEFAULT '0',
  PRIMARY KEY (`id`),
  KEY `cur_question` (`cur_question`)
) ENGINE=InnoDB  DEFAULT CHARSET=latin1 AUTO_INCREMENT=405 ;

--
-- Dumping data for table `user`
--

INSERT INTO `user` (`id`, `cur_question`, `score`, `name`, `nick`, `email`, `last_submit_time`, `penalty`) VALUES
(1, 12, 0, 'Admin User', 'Admin', 'User', 1389893147, 0),
(2, 1, 0, 'Chandan Singh', 'chandan', 'Singh', 1389810241, 0),
(3, 3, 0, 'Alex Podlesniy', 'Podliy16', 'Podlesniy', 1389808243, 0),
(4, 8, 0, 'Kushal Singh', 'kushal', 'Singh', 1389822478, 0),
(5, 5, 0, 'ANVESHI SHUKLA', 'anveshi', 'SHUKLA', 1389813680, 0),
(6, 1, 0, 'chamarthi-venkata hrudayanath', 'hruday', 'hrudayanath', 1389806994, 0),
(7, 10, 0, 'Franz Korntner', 'Untangler', 'Korntner', 1389886462, 0),
(8, 9, 0, 'Batchunag Dashdemberel', 'footman', 'Dashdemberel', 1389889645, 0),
(9, 3, 0, 'Andrew Gorokhov', 'Andrey', 'Gorokhov', 1389831839, 0),
(10, 5, 0, 'AAKASH ANUJ', 'aakashanuj', 'ANUJ', 1389833830, 0),
(11, 9, 0, 'Aanchal Bindal', 'phoenixfire', 'Bindal', 1389892811, 0),
(12, 7, 0, 'Luap Notnevets', 'HENLEYbls', 'Notnevets', 1389885939, 0),
(13, 13, 0, 'Sambuddha Basu', 'sambuddhabasu', 'Basu', 1389892371, 0),
(14, 3, 0, 'morteza hosseini', 'mory91', 'hosseini', 1389812435, 0),
(15, 10, 0, 'Chinmay Agrawal', 'chin2', 'Agrawal', 1389891268, 0),
(16, 1, 0, 'Raunak Talwar', 'raunakrocks', 'Talwar', 1389807036, 0),
(17, 10, 0, 'Anirudh Goyal', 'Zombies', 'Goyal', 1389837999, 0),
(18, 1, 0, 'Vishrut Mehta', 'vishrut009', 'Mehta', 1389807037, 0),
(19, 5, 0, 'Mohammad-Amin Khashkhashi-Moghaddam', 'alexmercer', 'Khashkhashi-Moghaddam', 1389817603, 0),
(20, 1, 0, 'Anirudh Anand', 'D3vi1', 'Anand', 1389807049, 0),
(21, 12, 0, 'Ronak Kogta', 'PaniKePatashe', 'Kogta', 1389844520, 0),
(22, 1, 0, 'yoyo yoyo', 'nick1024', 'yoyo', 1389807053, 0),
(23, 9, 0, 'AKHIL BATRA', 'AKKI', 'BATRA', 1389889773, 0),
(24, 13, 0, 'Amogh Pradeep', 'amoghbl1', 'Pradeep', 1389891285, 0),
(25, 4, 0, 'Harshit Bhagat', 'hbhagat786', 'Bhagat', 1389834981, 0),
(26, 2, 0, 'Dragos Rotaru', 'mathboy', 'Rotaru', 1389808242, 0),
(27, 1, 0, 'Phani Karan', 'phanikaran', 'Karan', 1389807095, 0),
(28, 3, 0, 'Shubham Kansal', 'bluej', 'Kansal', 1389876045, 0),
(29, 15, 0, 'Ada Lovelace', 'MaliceInWonderland', 'Lovelace', 1389873547, 0),
(30, 8, 0, 'Rashi Shrishrimal', 'ras20', 'Shrishrimal', 1389857370, 0),
(31, 10, 0, 'NareshChowdary Kommuri', 'knc', 'Kommuri', 1389889639, 0),
(33, 1, 0, 'Roshani Narasimhan', 'Roshani', 'Narasimhan', 1389807138, 0),
(34, 1, 0, 'Akshit Vij', 'IMMORTAL', 'Vij', 1389807157, 0),
(35, 3, 0, 'Alok Thatikunta', 'anDRew', 'Thatikunta', 1389882435, 0),
(36, 3, 0, 'Arpita Gupta', 'arpi', 'Gupta', 1389810646, 0),
(37, 1, 0, 'Shubham Maheshwari', 'xtremered', 'Maheshwari', 1389807215, 0),
(38, 3, 0, 'klaus klaus', 'drogenbob', 'klaus', 1389831815, 0),
(39, 1, 0, 'Jalpreet Nanda', 'imjalpreet', 'Nanda', 1389807220, 0),
(40, 3, 0, 'Rachit Aggarwal', 'rachit379', 'Aggarwal', 1389816717, 0),
(41, 1, 0, 'anuj gupta', 'anujmanit', 'gupta', 1389807236, 0),
(42, 8, 0, 'Akshay Dinesh', 'asdofindia', 'Dinesh', 1389833903, 0),
(43, 3, 0, 'Guy Fawkes', 'GlundronaBarn', 'Fawkes', 1389874126, 0),
(44, 13, 0, 'Gautam Vepa', 'vepagautam', 'Vepa', 1389891520, 0),
(45, 1, 0, 'Rajat Bhardwaj', 'adp10', 'Bhardwaj', 1389807259, 0),
(46, 17, 0, 'madhuri gaddam', 'devils', 'gaddam', 1389872119, 0),
(47, 3, 0, 'Akshay Kumar', 'kumaraks', 'Kumar', 1389812838, 0),
(48, 3, 0, 'Radu Caragea', 'sinaelgl', 'Caragea', 1389836269, 0),
(49, 10, 0, 'Ayush Mishra', 'Spider', 'Mishra', 1389892351, 0),
(50, 1, 0, 'Sushant Thakur', 'skt', 'Thakur', 1389807283, 0),
(51, 2, 0, 'vaibhav gupta', 'terminator', 'gupta', 1389807304, 0),
(52, 3, 0, 'virendra pratap', 'veeru', 'pratap', 1389874710, 0),
(53, 13, 0, 'Deepak Goyal', 'zonker', 'Goyal', 1389883545, 0),
(54, 15, 0, 'Pulkit Agarwal', 'Timehacker', 'Agarwal', 1389892936, 0),
(55, 3, 0, 'Palash Mittal', 'TheManiac', 'Mittal', 1389812176, 0),
(56, 1, 0, 'rahul anand', '300', 'anand', 1389807340, 0),
(57, 1, 0, 'ashish singh', 'ashish', 'singh', 1389807348, 0),
(58, 9, 0, 'papireddygari maneesha', 'immad', 'maneesha', 1389880735, 0),
(59, 1, 0, 'ram babu', 'fineman', 'babu', 1389807359, 0),
(60, 1, 0, 'Sanyasirao Mopada', 'Sunny', 'Mopada', 1389807367, 0),
(61, 3, 0, 'sahil kharb', 'thefallen', 'kharb', 1389888382, 0),
(62, 3, 0, 'k space', 'kspace', 'space', 1389826590, 0),
(63, 2, 0, 'Andrey Kashin', 'acid', 'Kashin', 1389810888, 0),
(64, 14, 0, 'manoj bhupathiraju', 'maverickme', 'bhupathiraju', 1389881768, 0),
(65, 17, 0, 'Pushyami Rachapudi', 'Push', 'Rachapudi', 1389872120, 0),
(66, 12, 0, 'crazy orangutan', 'crazyorangutan', 'orangutan', 1389890364, 0),
(67, 1, 0, 'Sanatan Mishra', 'sanatan', 'Mishra', 1389807540, 0),
(68, 1, 0, 'Rohit Ranjan', 'nikku', 'Ranjan', 1389807551, 0),
(69, 7, 0, 'NageswaraRao Podilapu', 'Nagesh', 'Podilapu', 1389885910, 0),
(70, 7, 0, 'srishti aggarwal', 'srishti', 'aggarwal', 1389865929, 0),
(71, 10, 0, 'Sindhu Ernala', 'sindh', 'Ernala', 1389888247, 0),
(72, 2, 0, 'Sravya popuri', 'potter', 'popuri', 1389877349, 0),
(73, 1, 0, 'Karan Dhamele', 'krans4u', 'Dhamele', 1389807692, 0),
(74, 1, 0, 'satish kumar', 'sam', 'kumar', 1389807692, 0),
(75, 1, 0, 'Prantar Ghosh', 'prantarg', 'Ghosh', 1389807695, 0),
(76, 1, 0, 'neo optimus', 'neo', 'optimus', 1389807710, 0),
(77, 7, 0, 'Siddharth Tanwar', 'sid112233', 'Tanwar', 1389865618, 0),
(78, 1, 0, 'Ajay Choudhary', 'Chou110125', 'Choudhary', 1389807849, 0),
(79, 5, 0, 'Yogeesh S', 'y0g1337h', 'S', 1389826542, 0),
(80, 13, 0, 'Saumya Dwivedi', 'please', 'Dwivedi', 1389890890, 0),
(81, 3, 0, 'Neelesh Dwivedi', 'Neal', 'Dwivedi', 1389812000, 0),
(82, 1, 0, 'Aasritha Pisupati', 'Aasritha', 'Pisupati', 1389807929, 0),
(83, 8, 0, 'Roopal Nahar', 'roop08', 'Nahar', 1389858293, 0),
(84, 1, 0, 'Akshay Krishnan', 'b3h3m0th', 'Krishnan', 1389807951, 0),
(85, 1, 0, 'Shubham Bansal', 'iN3O', 'Bansal', 1389807957, 0),
(86, 5, 0, 'Nishant Prateek', 'IT', 'Prateek', 1389814654, 0),
(87, 1, 0, 'Shivam Tripathi', 'blitz', 'Tripathi', 1389808070, 0),
(88, 10, 0, 'Akshaya Purohit', 'LOGAN', 'Purohit', 1389880015, 0),
(89, 1, 0, 'Swaminathan G', 'swami', 'G', 1389808134, 0),
(90, 5, 0, 'Somanshu Agarwal', 'somu', 'Agarwal', 1389813484, 0),
(91, 1, 0, 'Manu Mishra', 'ManuM', 'Mishra', 1389808180, 0),
(92, 5, 0, 'aayush saxena', 'aayush', 'saxena', 1389836061, 0),
(93, 1, 0, 'Gaurav Chandak', 'gc93', 'Chandak', 1389808229, 0),
(94, 13, 0, 'parag gupta', 'darkhorcrux', 'gupta', 1389890883, 0),
(95, 8, 0, 'Saksham Aggarwal', 'sakagg', 'Aggarwal', 1389879782, 0),
(96, 9, 0, 'Vamsee Chamakura', 'Vamsee', 'Chamakura', 1389892477, 0),
(97, 9, 0, 'ramachandra sharma', 'ram235', 'sharma', 1389892504, 0),
(98, 3, 0, 'Ashish Sahay', 'phire404', 'Sahay', 1389811463, 0),
(99, 8, 0, 'Sriram Narayanan', 'Sriram', 'Narayanan', 1389879780, 0),
(100, 12, 0, 'Carl Johnson', 'carlj', 'Johnson', 1389889572, 0),
(101, 1, 0, 'Akhil Jindal', 'akhiljindal12', 'Jindal', 1389808392, 0),
(102, 15, 0, 'Dinesh Singla', 'roxkiller', 'Singla', 1389836209, 0),
(103, 10, 0, 'Prateek Saxena', 'Pammi', 'Saxena', 1389863209, 0),
(104, 13, 0, 'Sanjana Sharma', 'CagedHues', 'Sharma', 1389893018, 0),
(105, 1, 0, 'Rakesh Kumar', 'Raky', 'Kumar', 1389808435, 0),
(106, 6, 0, 'Ritu Gupta', 'ritugupta', 'Gupta', 1389870670, 0),
(107, 1, 0, 'Ayush Agrawal', 'ayusha', 'Agrawal', 1389808465, 0),
(108, 5, 0, 'Adarsh Mohata', 'adi', 'Mohata', 1389820402, 0),
(109, 6, 0, 'Siddharth Bhatore', 'sid1', 'Bhatore', 1389884730, 0),
(110, 3, 0, 'Deepak Kumar', 'rusty', 'Kumar', 1389833782, 0),
(111, 3, 0, 'Andrey Anurin', 'Abra', 'Anurin', 1389812448, 0),
(112, 4, 0, 'Anupriya Inumella', 'AP', 'Inumella', 1389814542, 0),
(113, 3, 0, 'ravindar kumar', 'root', 'kumar', 1389811250, 0),
(114, 1, 0, 'Vijaya-Sai-Krishna Gottipati', 'gvsaikrishna', 'Gottipati', 1389808698, 0),
(115, 10, 0, 'Nikhil Bhandari', 'Hellboy', 'Bhandari', 1389879497, 0),
(116, 13, 0, 'Shriram Rahatgaonkar', 'techwiz911', 'Rahatgaonkar', 1389892389, 0),
(117, 9, 0, 'ayan srivastava', 'ayan', 'srivastava', 1389879794, 0),
(118, 8, 0, 'giga dd', 'giga811', 'dd', 1389819103, 0),
(119, 3, 0, 'Team Wheatley', 'TeamWheatley', 'Wheatley', 1389810008, 0),
(120, 13, 0, 'Debayan Das', 'Iceflame007', 'Das', 1389891292, 0),
(121, 13, 0, 'akhil akkireddy', 'akhee', 'akkireddy', 1389892411, 0),
(122, 12, 0, 'Vanshika Srivastava', 'padfoot', 'Srivastava', 1389845732, 0),
(123, 14, 0, 'Pappu Pandey', 'pappu', 'Pandey', 1389832764, 0),
(124, 8, 0, 'Parag Agrawal', 'parag11', 'Agrawal', 1389849958, 0),
(125, 2, 0, 'Mihir Sahasrabudhe', 'Squid', 'Sahasrabudhe', 1389813827, 0),
(126, 13, 0, 'Saksham Agrawal', 'saksham115', 'Agrawal', 1389891193, 0),
(127, 1, 0, 'Arushi Jain', 'arushi', 'Jain', 1389809026, 0),
(128, 1, 0, 'Ritwik Mukherjee', 'sanritwik', 'Mukherjee', 1389809066, 0),
(129, 10, 0, 'Tanmay Sahay', 'tanmaysahay94', 'Sahay', 1389891950, 0),
(130, 3, 0, 'Miles Bench', 'coffeeblack198', 'Bench', 1389810224, 0),
(131, 14, 0, 'Sharan Girdhani', 'sharan123', 'Girdhani', 1389882032, 0),
(132, 3, 0, 'Rishabh Raj', 'sharky', 'Raj', 1389811949, 0),
(133, 7, 0, 'Meghana Manusanipalli', 'Meghana', 'Manusanipalli', 1389878146, 0),
(134, 3, 0, 'aman agarwal', 'dare109', 'agarwal', 1389866754, 0),
(135, 3, 0, 'ayush jhunjhunwala', 'ayushblaster', 'jhunjhunwala', 1389810568, 0),
(136, 1, 0, 'VeerabhadraRao Boda', 'bhadra', 'Boda', 1389809440, 0),
(137, 3, 0, 'Nisarg Jhaveri', 'nisargjhaveri', 'Jhaveri', 1389812579, 0),
(138, 1, 0, 'Ankit Mittal', 'Ankit75', 'Mittal', 1389809617, 0),
(139, 3, 0, 'Sudharshan Kumar', 'draco', 'Kumar', 1389811253, 0),
(140, 2, 0, 'Rajesh Vakkalagadda', 'orion', 'Vakkalagadda', 1389810709, 0),
(141, 2, 0, 'Devadath VV', 'blackmagic', 'VV', 1389810548, 0),
(142, 1, 0, 'Harsh Kedia', 'Harsh', 'Kedia', 1389809724, 0),
(143, 8, 0, 'javvaji kiran', 'kiran', 'kiran', 1389891209, 0),
(144, 17, 0, 'Prachish Gora', 'drazen167', 'Gora', 1389892633, 0),
(145, 2, 0, 'Anubhav Gupta', 'anubhavkkr', 'Gupta', 1389837123, 0),
(146, 3, 0, 'HIMANGI SARAOGI', 'visionary', 'SARAOGI', 1389810440, 0),
(147, 1, 0, 'sai chaitanya', 'qdgt', 'chaitanya', 1389809884, 0),
(148, 1, 0, 'vuthikarestha vuthikarestha', 'vuthikarestha', 'vuthikarestha', 1389810034, 0),
(149, 1, 0, 'krishna tulsyan', 'krishna0512', 'tulsyan', 1389810036, 0),
(150, 1, 0, 'Pallav Shah', 'pallav', 'Shah', 1389810073, 0),
(151, 3, 0, 'Shruti G', 'gshruti', 'G', 1389812079, 0),
(152, 1, 0, 'abcd efgh', 'maggie', 'efgh', 1389810095, 0),
(153, 17, 0, 'Darshit Singh Sarna', 'DAddY', 'papa', 1389892159, 0),
(154, 1, 0, 'Balasubramanian A', 'Immense', 'A', 1389810160, 0),
(155, 8, 0, 'Sponge Bob', 'spongebob', 'Bob', 1389826719, 0),
(156, 3, 0, 'sri teja', 'sri', 'teja', 1389810340, 0),
(157, 1, 0, 'ayush nigam', 'ayushrocker92', 'nigam', 1389810209, 0),
(158, 2, 0, 'Nishith Maheshwari', 'nishithm', 'Maheshwari', 1389810298, 0),
(159, 4, 0, 'Renat Gimadeev', 'ariacas', 'Gimadeev', 1389839998, 0),
(160, 1, 0, 'sonali goyal', 'sonali5', 'goyal', 1389810291, 0),
(161, 1, 0, 'Pulkit Aggarwal', 'pulkitrohan', 'Aggarwal', 1389810305, 0),
(162, 9, 0, 'DivyaJyothi Gaddipati', 'Divya', 'Gaddipati', 1389892722, 0),
(163, 3, 0, 'Amit Sharma', 'amishar', 'Sharma', 1389812871, 0),
(164, 4, 0, 'Swapna Kidambi', 'ks123', 'Kidambi', 1389817269, 0),
(165, 5, 0, 'hazard hazard', 'hazard', 'hazard', 1389837945, 0),
(166, 3, 0, 'Mihir Kulkarni', 'mihirk1994', 'Kulkarni', 1389810517, 0),
(167, 1, 0, 'Pranjal Rai', 'qwertyuiop', 'Rai', 1389810456, 0),
(168, 1, 0, 'Shiva Sharma', 'Shiv', 'Sharma', 1389810626, 0),
(169, 14, 0, 'Ajit Mathew', 'tija', 'Mathew', 1389837462, 0),
(170, 4, 0, 'Praveen Dakwale', 'praveend', 'Dakwale', 1389813117, 0),
(171, 4, 0, 'Himil Sheth', 'Sum', 'Sheth', 1389832548, 0),
(172, 12, 0, 'Aditi Gupta', 'scooby', 'Gupta', 1389891963, 0),
(173, 5, 0, 'gayatri nair', 'yogg', 'nair', 1389828880, 0),
(174, 9, 0, 'chandu nadakudhiti', 'ecivon', 'nadakudhiti', 1389890766, 0),
(175, 5, 0, 'Nicolae Ciobanu', 'nicolaeciobanu91', 'Ciobanu', 1389816117, 0),
(176, 1, 0, 'sandhyarani kairam', 'sandhya', 'kairam', 1389810835, 0),
(177, 13, 0, 'Aditya Singh', 'anarchy', 'Singh', 1389890293, 0),
(178, 2, 0, 'J -', 'jarcrack', '-', 1389811745, 0),
(179, 1, 0, 'Kunal Singhal', 'sky', 'Singhal', 1389810988, 0),
(180, 1, 0, 'chetan mohan', 'nani', 'mohan', 1389811007, 0),
(181, 1, 0, 'Sukhjashan Singh', 'darkscale', 'Singh', 1389811033, 0),
(182, 1, 0, 'Hemant Kumar', 'Hemant', 'Kumar', 1389811088, 0),
(183, 3, 0, 'kommeta narsingraj', 'chinna', 'narsingraj', 1389889370, 0),
(184, 4, 0, 'Samuel Gross', 'sg', 'Gross', 1389832342, 0),
(185, 2, 0, 'Bharat Choudary', 'bharath0428', 'Choudary', 1389890159, 0),
(186, 1, 0, 'xxxx xxxxx', 'hardwork', 'xxxxx', 1389811155, 0),
(187, 3, 0, 'akash yeshwanth', 'yashu', 'yeshwanth', 1389826749, 0),
(188, 1, 0, 'Gurjot Singh', 'jihaadi', 'Singh', 1389811207, 0),
(189, 1, 0, 'Pengyu CHEN', 'starrify', 'CHEN', 1389811270, 0),
(190, 8, 0, 'RRR RRR', 'RRR', 'RRR', 1389820988, 0),
(191, 1, 0, 'satvik Gupta', 'Blasters', 'Gupta', 1389811293, 0),
(192, 1, 0, 'chaithanya kiran', 'chaithanya', 'kiran', 1389811299, 0),
(193, 7, 0, 'Nitish Sharma', 'fuzzy', 'Sharma', 1389892834, 0),
(194, 3, 0, 'Gaurav Jain', 'popo', 'Jain', 1389816892, 0),
(195, 1, 0, 'Rajat Jain', 'raj04', 'Jain', 1389811368, 0),
(196, 4, 0, 'Manu Jain', 'MJ13', 'Jain', 1389893058, 0),
(197, 1, 0, 'Priya Juneja', 'codecrawler', 'Juneja', 1389811446, 0),
(198, 1, 0, 'Shantanu Patil', 'Perpendicular', 'Patil', 1389811462, 0),
(199, 9, 0, 'Saujanya Reddy', 'saujanya', 'Reddy', 1389892624, 0),
(200, 1, 0, 'Anurag Ghosh', 'xel', 'Ghosh', 1389811636, 0),
(201, 3, 0, 'Nurendra Choudhary', 'Nurendra', 'Choudhary', 1389812621, 0),
(202, 1, 0, 'Karan Aggarwal', 'karanaggarwal', 'Aggarwal', 1389811679, 0),
(203, 12, 0, 'Apurva Kumar', 'cruxeon', 'Kumar', 1389870286, 0),
(204, 2, 0, 'Eugene Ptashko', 'RooterX', 'Ptashko', 1389811957, 0),
(205, 8, 0, 'sriram gudimella', 'strykerami', 'gudimella', 1389817048, 0),
(206, 3, 0, 'Sai Miduthuri', 'Master', 'Miduthuri', 1389813516, 0),
(207, 1, 0, 'KALYANSUNDAR DAS', 'DEDICATED2SCIENCE', 'DAS', 1389812065, 0),
(208, 3, 0, 'Saumya Pathak', 'thisiscrap', 'Pathak', 1389866339, 0),
(209, 3, 0, 'Anubhav J', 'turtle', 'J', 1389812663, 0),
(210, 3, 0, 'Vladimir Smykalov', 'enot', 'Smykalov', 1389835806, 0),
(211, 12, 0, 'Simpi Kumari', 'Cameo', 'Kumari', 1389870326, 0),
(212, 5, 0, 'first last', 'ninja', 'last', 1389820603, 0),
(214, 1, 0, 'priyanka deshpande', 'cashin', 'deshpande', 1389812344, 0),
(215, 15, 0, 'Vinil Narang', 'TheGame', 'Narang', 1389876678, 0),
(216, 1, 0, 'Test TEst', 'test123', 'TEst', 1389812549, 0),
(217, 2, 0, 'Balasubramaniam Natarajan', 'bullet', 'Natarajan', 1389891250, 0),
(218, 1, 0, 'Lalithya Ch', 'Lalli', 'Ch', 1389812637, 0),
(219, 1, 0, 'divyata sharma', 'cachein', 'sharma', 1389812907, 0),
(220, 4, 0, 'Sanjana Karanth', 'BlackBox', 'Karanth', 1389831514, 0),
(221, 10, 0, 'Pratik Jacob', 'pratikej', 'Jacob', 1389826338, 0),
(222, 2, 0, 'Lalit Kundu', 'darkshadows', 'Kundu', 1389843383, 0),
(223, 1, 0, 'Soumya Sharma', 'soumya', 'Sharma', 1389813730, 0),
(224, 3, 0, 'Nairirya Khilari', 'Nkman', 'Khilari', 1389814331, 0),
(225, 3, 0, 'Manan Dhawan', 'Traitor', 'Dhawan', 1389880064, 0),
(226, 1, 0, 'Shivam Garg', 'shivamgarg', 'Garg', 1389813901, 0),
(227, 1, 0, 'Kushagra Desai', 'kush', 'Desai', 1389813973, 0),
(228, 8, 0, 'Saksham Garg', 'aiccha', 'Garg', 1389822170, 0),
(229, 1, 0, 'Mohsen Yazdinejad', 'mosiomohsen', 'Yazdinejad', 1389814312, 0),
(230, 2, 0, 'mahesh goud', 'paruchur', 'goud', 1389878458, 0),
(231, 3, 0, 'vikas singh', 'v1k1', 'singh', 1389815121, 0),
(232, 1, 0, 'vishal Goel', 'vishal', 'Goel', 1389814867, 0),
(233, 3, 0, 'Daljeet Singh', 'dj', 'Singh', 1389831762, 0),
(234, 1, 0, 'd dk', 'ddk', 'dk', 1389815398, 0),
(235, 1, 0, 'Kapil Dolas', 'kapildd', 'Dolas', 1389815660, 0),
(236, 2, 0, 'Georgy Chebanov', 'gchebanov', 'Chebanov', 1389815919, 0),
(237, 15, 0, 'Jagannadharaju Dantuluri', 'rockthehell', 'Dantuluri', 1389880975, 0),
(238, 2, 0, 'SHUBHAM GARG', 'codeshubh', 'GARG', 1389844933, 0),
(239, 10, 0, 'Shounak Dey', 'dylandey', 'Dey', 1389824670, 0),
(240, 1, 0, 'Akash Agrawall', 'aka007', 'Agrawall', 1389816098, 0),
(241, 3, 0, 'Owen Ou', 'f0r', 'Ou', 1389869124, 0),
(242, 1, 0, 'KANISHKA SINGHAL', 'KANISHKA', 'SINGHAL', 1389816262, 0),
(243, 1, 0, 'Anirudh Bhargava', 'venky5556', 'Bhargava', 1389816599, 0),
(244, 15, 0, 'Abhishek Chinni', 'Laxus94', 'Chinni', 1389880989, 0),
(245, 1, 0, 'Panagiotis Kostopanagiotis', 'infinity', 'Kostopanagiotis', 1389816701, 0),
(246, 3, 0, 'Tanoy Bose', 'Bose', 'Bose', 1389817747, 0),
(247, 5, 0, 'sasha grey', 'sashagrey', 'grey', 1389819557, 0),
(248, 3, 0, 'IIITHyderabad Rocks', 'IIIT', 'Rocks', 1389823879, 0),
(249, 6, 0, 'Mallipeddi Hardhik', 'Hardy', 'Hardhik', 1389870623, 0),
(250, 1, 0, 'Rounak Patni', 'rounak1160', 'Patni', 1389817351, 0),
(251, 2, 0, 'Jyothiram Pekala', 'J0rd3n', 'Pekala', 1389880180, 0),
(252, 2, 0, 'Siddharth Son_of_Gora Bonda ;) ', 'perplex', 'gora', 1389819884, 0),
(253, 3, 0, 'harish chava', 'harish', 'chava', 1389820210, 0),
(254, 4, 0, 'Kshitij Kansal', 'kansal', 'Kansal', 1389826564, 0),
(255, 5, 0, 'Edward Kenway', 'Assassin', 'Kenway', 1389834630, 0),
(256, 1, 0, 'Rasna Goyal', 'genius', 'Goyal', 1389817939, 0),
(257, 1, 0, 'Ashutosh Sharma', 'Ashutosh', 'Sharma', 1389817968, 0),
(258, 1, 0, 'Mrugesh Joshi', 'joshimrugesha', 'Joshi', 1389817988, 0),
(259, 3, 0, 'Sachin Gupta', 'sach', 'Gupta', 1389818713, 0),
(260, 1, 0, 'Gaurav Mittal', 'gauravmittal', 'Mittal', 1389818347, 0),
(261, 1, 0, 'chetan dha', 'che09dha', 'dha', 1389818469, 0),
(262, 13, 0, 'Sharvil Katariya', 'Sash', 'Katariya', 1389891291, 0),
(263, 3, 0, 'AKSHAY BAPAT', 'hawkeye', 'BAPAT', 1389877053, 0),
(264, 15, 0, 'Jack Baurer', '24', 'Baurer', 1389880948, 0),
(265, 13, 0, 'Akshat Khandelwal', 'akshatk7', 'Khandelwal', 1389837934, 0),
(266, 15, 0, 'Pulkit Singhal', 'GodDamnit', 'Singhal', 1389886263, 0),
(267, 1, 0, 'Akhil Lohchab', 'Shadowfax', 'Lohchab', 1389819008, 0),
(268, 1, 0, 'vivek nagaraju', 'vivekn', 'nagaraju', 1389819095, 0),
(269, 1, 0, 'Yu Ching', 'AAMchineseAADMI', 'Ching', 1389819157, 0),
(270, 8, 0, 'romil aggarwal', 'L', 'aggarwal', 1389828162, 0),
(271, 1, 0, 'Drishti Wali', 'oscar', 'Wali', 1389819958, 0),
(272, 11, 0, 'Archit Sachdeva', 'antiarchit', 'Sachdeva', 1389888944, 0),
(273, 3, 0, 'Spandana Karanam', 'Spandana', 'Karanam', 1389821621, 0),
(274, 13, 0, 'Aditya Sreekar', 'BlackMamba', 'Sreekar', 1389891379, 0),
(275, 8, 0, 'Mohit Garg', 'Mohitgarg', 'Garg', 1389833045, 0),
(276, 1, 0, 'shubham gupta', 'shubh234', 'gupta', 1389820686, 0),
(277, 8, 0, 'Niharika Kohli', 'Niharika', 'Kohli', 1389824204, 0),
(278, 2, 0, 'Yuzhou Gu', 'sevenkplus', 'Gu', 1389821188, 0),
(279, 13, 0, 'JeevanChowdary Mandadapu', 'mjeevan268', 'Mandadapu', 1389892419, 0),
(280, 5, 0, 'Ayush Soni', 'kingayu', 'Soni', 1389887262, 0),
(281, 5, 0, 'Chirag Bakliwal', 'twincoder', 'Bakliwal', 1389887239, 0),
(282, 8, 0, 'Kaveri Anuranjana', 'Homra', 'Anuranjana', 1389823865, 0),
(283, 9, 0, 'Rahul Mittal', 'Elites', 'Mittal', 1389889460, 0),
(284, 1, 0, 'Aashik Ahmed', 'Aash', 'Ahmed', 1389821554, 0),
(285, 2, 0, 'Roman Lebedev', 'n0n3m4', 'Lebedev', 1389822030, 0),
(286, 1, 0, 'Abhishek Sharma', 'cr0m3t', 'Sharma', 1389821978, 0),
(287, 1, 0, 'Jahnavi Suthar', 'jahnavi59', 'Suthar', 1389822007, 0),
(288, 3, 0, 'piyush Gaurav', 'dantedevil', 'Gaurav', 1389823751, 0),
(289, 1, 0, 'Apaar Garg', 'apaargarg', 'Garg', 1389822255, 0),
(290, 1, 0, 'Pulkit Agarwal', 'PulkitIIIT', 'Agarwal', 1389822608, 0),
(291, 1, 0, 'sumit chawla', 'imperfect', 'chawla', 1389822610, 0),
(292, 10, 0, 'Sagar Gaur', 'firzen', 'Gaur', 1389828219, 0),
(293, 3, 0, 'Saeed Nejati', 'saeedn', 'Nejati', 1389824746, 0),
(294, 2, 0, 'Soumyajit Paul', 'soumyajit', 'Paul', 1389824306, 0),
(295, 3, 0, 'Margarita Murashko', 'Yuiyui', 'Murashko', 1389831934, 0),
(296, 5, 0, 'Neel Bommisetty', 'Horcrux', 'Bommisetty', 1389829488, 0),
(297, 9, 0, 'Deepak Chawla', 'DC', 'Chawla', 1389886814, 0),
(298, 1, 0, 'Sumit Goel', 'sumit', 'Goel', 1389823707, 0),
(299, 1, 0, 'Tushant Jha', 'particlemania', 'Jha', 1389824079, 0),
(300, 6, 0, 'bhalu bhalu', 'bhalu', 'bhalu', 1389837276, 0),
(301, 9, 0, 'Rashika Kheria', 'killerinstinct', 'Kheria', 1389828266, 0),
(302, 8, 0, 'Aniket Sachdeva', 'CR', 'Sachdeva', 1389832023, 0),
(303, 11, 0, 'Mohit Goel', 'mohit', 'Goel', 1389892981, 0),
(304, 5, 0, 'Aditya Abhas', 'adityaabhas', 'Abhas', 1389886875, 0),
(305, 4, 0, 'Mayank Gupta', 'wrumf', 'Gupta', 1389826577, 0),
(306, 1, 0, 'mallipeddi akshay', 'evilgenius', 'akshay', 1389825639, 0),
(307, 5, 0, 'Shubham modani', 'shubham31', 'modani', 1389892523, 0),
(308, 1, 0, 'Santhosh Baswa', 'crazybullettu', 'Baswa', 1389826854, 0),
(309, 8, 0, 'Sajal Srivastava', 'Linkinpark', 'Srivastava', 1389872079, 0),
(310, 8, 0, 'Bhavana Gannu', 'gannu', 'Gannu', 1389829925, 0),
(311, 2, 0, 'Ever Lee', 'EverTokki', 'Lee', 1389827497, 0),
(312, 1, 0, 'Saurabh Verma', 'saurv4u', 'Verma', 1389827689, 0),
(313, 1, 0, 'aravind paduru', 'aravindreddypaduru', 'paduru', 1389828162, 0),
(314, 3, 0, 'pg pg', 'pg', 'pg', 1389836591, 0),
(315, 3, 0, 'Chayan Banerjee', 'ChKB', 'Banerjee', 1389828947, 0),
(316, 5, 0, 'Vinit Garg', 'Wine', 'Garg', 1389833342, 0),
(317, 1, 0, 'Manikant Prasad', 'mystic', 'Prasad', 1389829929, 0),
(318, 1, 0, 'SAUMYA GURTU', 'radhikaSG', 'GURTU', 1389829950, 0),
(319, 10, 0, 'Utsav Bhagat', 'utsav17b', 'Bhagat', 1389891251, 0),
(320, 5, 0, 'abbas piplodawala', 'coderap21', 'piplodawala', 1389887260, 0),
(321, 10, 0, 'Vikram Srivastava', 'Kaizen', 'Srivastava', 1389889568, 0),
(322, 1, 0, 'Aravind HM', 'NightHawk', 'HM', 1389831494, 0),
(323, 8, 0, 'Bhagyesh Varvdekar', 'Drake', 'Varvdekar', 1389888637, 0),
(324, 5, 0, 'Mihir Wadwekar', 'mihirw', 'Wadwekar', 1389836029, 0),
(325, 1, 0, 'jeong ruby', 'rubiya', 'ruby', 1389832818, 0),
(326, 1, 0, 'Saurabh Jain', 'saurabhsuniljain', 'Jain', 1389833546, 0),
(327, 1, 0, 'bob builder', 'bobthebuilder', 'builder', 1389833774, 0),
(328, 1, 0, 'ManMohan Mishra', 'm17', 'Mishra', 1389834338, 0),
(329, 1, 0, 'Sameer Agarwal', 'sameeragarwal', 'Agarwal', 1389834344, 0),
(330, 1, 0, 'Adi Shae', 'kakarot', 'Shae', 1389834380, 0),
(331, 13, 0, 'Mridul Mundara', 'spike', 'Mundara', 1389884647, 0),
(332, 3, 0, 'Rahul Sharma', '123007', 'Sharma', 1389835573, 0),
(333, 4, 0, 'Steven Valdez', 'dvorak42', 'Valdez', 1389836103, 0),
(334, 3, 0, 'Gaurav Agrawal', 'gaurav708', 'Agrawal', 1389839066, 0),
(335, 1, 0, 'Swaraj Khadanga', 'sonuk7', 'Khadanga', 1389836984, 0),
(336, 8, 0, 'Manas Tewari', 'Hmmmm', 'Tewari', 1389878925, 0),
(337, 1, 0, 'Hans Zimmer', 'HansZimmer', 'Zimmer', 1389838342, 0),
(338, 3, 0, 'harsh kapoor', 'crazy9', 'kapoor', 1389840836, 0),
(339, 15, 0, 'Dude pawnstar', 'JamesDean', 'pawnstar', 1389841399, 0),
(340, 1, 0, 'Aditya Deepak', 'adijimmy', 'Deepak', 1389841969, 0),
(341, 1, 0, 'krishna gandhi', 'dean', 'gandhi', 1389843759, 0),
(342, 2, 0, 'Liang He', 'roba', 'He', 1389848923, 0),
(343, 8, 0, 'Ilya Vorobyev', 'IlyaMSU', 'Vorobyev', 1389852813, 0),
(344, 5, 0, 'Mariia Mykhailova', 'Nickolas', 'Mykhailova', 1389871916, 0),
(345, 2, 0, 'Igor Naverniouk', 'Abednego', 'Naverniouk', 1389851234, 0),
(346, 8, 0, 'Alexander Indihar', 'Luffy', 'Indihar', 1389869982, 0),
(347, 2, 0, 'foo bar', 'phreeek', 'bar', 1389854086, 0),
(348, 1, 0, 'Kene Okoye', 'Zoro', 'Okoye', 1389853163, 0),
(349, 2, 0, 'Louis Dion-Marcil', 'ldionmarcil', 'Dion-Marcil', 1389854127, 0),
(350, 2, 0, 'Anuvab Chhotray', 'anuvab1911', 'Chhotray', 1389858316, 0),
(351, 1, 0, 'mauz maus', 'mau5', 'maus', 1389860322, 0),
(352, 1, 0, 'shubham agarwal', 'mshubham', 'agarwal', 1389861361, 0),
(353, 1, 0, 'Rajashekar Billapati', 'klaus', 'Billapati', 1389862278, 0),
(354, 1, 0, 'Hiromu Yakura', 'hiromu', 'Yakura', 1389862367, 0),
(355, 4, 0, 'jahnavi nukireddy', 'jahnavi', 'nukireddy', 1389868571, 0),
(356, 5, 0, 'Himanshu Billore', 'himanshuBi', 'Billore', 1389882148, 0),
(357, 6, 0, 'shashank siripragada', 'skywalker', 'siripragada', 1389892932, 0),
(358, 5, 0, 'Rahul Jain', 'Anonymous', 'Jain', 1389869949, 0),
(359, 1, 0, 'divya pabba', 'divyapabba', 'pabba', 1389867529, 0),
(360, 8, 0, 'Abhineet Jain', 'AbhiJ', 'Jain', 1389892787, 0),
(361, 3, 0, 'Navid Oskouipour', 'navidop', 'Oskouipour', 1389870408, 0),
(362, 3, 0, 'way ch', 'way', 'ch', 1389870825, 0),
(363, 1, 0, 'Bhargava Veepurie', 'bhargavveepuri7777', 'Veepurie', 1389870763, 0),
(364, 1, 0, 'praneeth vasantham', 'khorne', 'vasantham', 1389871364, 0),
(365, 3, 0, 'pawan gambhir', 'pawangambhir', 'gambhir', 1389872795, 0),
(366, 3, 0, 'kartik dubey', 'kartik179', 'dubey', 1389872267, 0),
(367, 17, 0, 'supraja reddy', 'sammy2dom', 'reddy', 1389872115, 0),
(368, 15, 0, 'nikhil chandra', 'oops', 'chandra', 1389885706, 0),
(369, 1, 0, 'Shubham Tyagi', 'shadoww', 'Tyagi', 1389872176, 0),
(370, 1, 0, 'Tushar Pal', 'lucifer', 'Pal', 1389872361, 0),
(371, 3, 0, 'Suresh Santhanam', 'zoron', 'Santhanam', 1389874172, 0),
(372, 5, 0, 'Abhimanyu Kumar', 'Abhimanyu', 'Kumar', 1389882201, 0),
(373, 5, 0, 'Akshay Jain', 'aksjain', 'Jain', 1389884716, 0),
(374, 1, 0, 'Mallappa Prathyusha', 'prathyusha', 'Prathyusha', 1389876396, 0),
(375, 8, 0, 'Udyan Khurana', 'UdyanK', 'Khurana', 1389880067, 0),
(376, 5, 0, 'Prithvi Reddy', 'Percy', 'Reddy', 1389880009, 0),
(377, 3, 0, 'Shraddhan Jain', 'CaptAin', 'Jain', 1389878981, 0),
(378, 13, 0, 'Jerome Jerome', 'p0ff', 'Jerome', 1389891254, 0),
(379, 2, 0, 'VenkataSateesh Netti', 'sateesh935', 'Netti', 1389881226, 0),
(380, 8, 0, 'shim omire', 'shimomire', 'omire', 1389883825, 0),
(381, 4, 0, 'HarshaNidhi Gudisa', 'Pandugadu', 'Gudisa', 1389890138, 0),
(382, 3, 0, 'Albert Pinto', 'AlbertPinto', 'Pinto', 1389881315, 0),
(383, 1, 0, 'Rahul konda', 'rahul', 'konda', 1389882373, 0),
(384, 13, 0, 'ARPAN KUNDU', 'jackdaw', 'KUNDU', 1389891188, 0),
(385, 13, 0, 'aman singh', 'amanuv19', 'singh', 1389891212, 0),
(386, 12, 0, 'Shyamli Venkatapathy', 'Shyamli', 'Venkatapathy', 1389885342, 0),
(387, 8, 0, 'Praneeth Bulusu', 'Praneeth', 'Bulusu', 1389886529, 0),
(388, 1, 0, 'shubham chawla', 'king', 'chawla', 1389883989, 0),
(389, 7, 0, 'Avinash Kumar', 'Redd', 'Kumar', 1389891337, 0),
(390, 3, 0, 'Akhile kumar', 'akhile', 'kumar', 1389885678, 0),
(391, 8, 0, 'aravind paduru', 'aravindpaduru', 'paduru', 1389886979, 0),
(392, 5, 0, 'chesta badjatya', 'chesta', 'badjatya', 1389886979, 0),
(393, 1, 0, 'Harshit Harchani', 'gos', 'Harchani', 1389884809, 0),
(394, 4, 0, 'Undral Amarsaikhan', 'uundaa', 'Amarsaikhan', 1389892829, 0),
(395, 3, 0, 'Sanjay Khan', 'KIG', 'Khan', 1389885714, 0),
(396, 2, 0, 'Shubham singh', 'shubhamsingh147', 'singh', 1389886901, 0),
(397, 5, 0, 'Manoj M', 'thills167', 'M', 1389892490, 0),
(398, 4, 0, 'amit saharana', 'amitsaharana', 'saharana', 1389888851, 0),
(399, 1, 0, 'tushar jain', 'pixelated', 'jain', 1389888805, 0),
(400, 1, 0, 'faisal ali', 'raymond', 'ali', 1389891150, 0),
(401, 1, 0, 'Sarvesh Mahajan', 'sarvesh', 'Mahajan', 1389891815, 0),
(402, 4, 0, 'bharath kota', 'bharath', 'kota', 1389892939, 0),
(403, 2, 0, 'SIDDHANT SINGH', 'BLACKSHARK', 'SINGH', 1389892721, 0),
(404, 6, 0, 'prakhar sharma', 'pinky', 'sharma', 1389892657, 0);

--
-- Constraints for dumped tables
--

--
-- Constraints for table `answers`
--
ALTER TABLE `answers`
  ADD CONSTRAINT `answers_ibfk_1` FOREIGN KEY (`qid`) REFERENCES `questions` (`id`),
  ADD CONSTRAINT `answers_ibfk_2` FOREIGN KEY (`next_qid`) REFERENCES `questions` (`id`);

--
-- Constraints for table `attachments`
--
ALTER TABLE `attachments`
  ADD CONSTRAINT `attachments_ibfk_1` FOREIGN KEY (`qid`) REFERENCES `questions` (`id`);

--
-- Constraints for table `comments`
--
ALTER TABLE `comments`
  ADD CONSTRAINT `comments_ibfk_1` FOREIGN KEY (`qid`) REFERENCES `questions` (`id`),
  ADD CONSTRAINT `comments_ibfk_2` FOREIGN KEY (`user_id`) REFERENCES `user` (`id`);

--
-- Constraints for table `user`
--
ALTER TABLE `user`
  ADD CONSTRAINT `user_ibfk_1` FOREIGN KEY (`cur_question`) REFERENCES `questions` (`id`);

/*!40101 SET CHARACTER_SET_CLIENT=@OLD_CHARACTER_SET_CLIENT */;
/*!40101 SET CHARACTER_SET_RESULTS=@OLD_CHARACTER_SET_RESULTS */;
/*!40101 SET COLLATION_CONNECTION=@OLD_COLLATION_CONNECTION */;
