-- phpMyAdmin SQL Dump
-- version 3.4.10.1deb1
-- http://www.phpmyadmin.net
--
-- Host: localhost
-- Generation Time: Jan 17, 2014 at 04:03 PM
-- Server version: 5.5.34
-- PHP Version: 5.3.10-1ubuntu3.9

SET SQL_MODE="NO_AUTO_VALUE_ON_ZERO";
SET time_zone = "+00:00";


/*!40101 SET @OLD_CHARACTER_SET_CLIENT=@@CHARACTER_SET_CLIENT */;
/*!40101 SET @OLD_CHARACTER_SET_RESULTS=@@CHARACTER_SET_RESULTS */;
/*!40101 SET @OLD_COLLATION_CONNECTION=@@COLLATION_CONNECTION */;
/*!40101 SET NAMES utf8 */;

--
-- Database: `CacheIn`
--

-- --------------------------------------------------------

--
-- Table structure for table `answers`
--

CREATE TABLE IF NOT EXISTS `answers` (
  `id` int(11) NOT NULL AUTO_INCREMENT,
  `qid` int(11) NOT NULL,
  `answer` varchar(256) DEFAULT NULL,
  `next_qid` int(11) NOT NULL,
  `points` int(11) NOT NULL DEFAULT '0',
  PRIMARY KEY (`id`),
  KEY `qid` (`qid`),
  KEY `next_qid` (`next_qid`)
) ENGINE=InnoDB  DEFAULT CHARSET=latin1 AUTO_INCREMENT=61 ;

--
-- Dumping data for table `answers`
--

INSERT INTO `answers` (`id`, `qid`, `answer`, `next_qid`, `points`) VALUES
(1, 1, 'felicity2k14', 2, 0),
(2, 2, 'felixfelicis', 3, 0),
(3, 3, 'wildkale', 4, 0),
(4, 4, 'shawshankredemption', 5, 0),
(5, 5, 'microsoft', 6, 0),
(6, 6, 'romanabramovich', 7, 0),
(7, 7, '12angrymen', 8, 0),
(8, 8, 'shishirmehrotra', 9, 0),
(9, 9, 'tomorrowland2013', 10, 0),
(10, 10, 'soma', 11, 0),
(11, 11, 'bigbrother', 12, 0),
(12, 12, 'pepsi', 13, 0),
(13, 13, 'kimberlyclark', 14, 0),
(14, 14, 'montana', 15, 0),
(15, 15, '370', 16, 0),
(16, 16, 'gohan', 17, 0),
(17, 3, 'wildcabbage', 4, 0),
(18, 17, 'february', 18, 0),
(19, 18, 'pokemon', 19, 0),
(20, 19, 'forrestgump', 20, 0),
(21, 20, 'k', 21, 0),
(22, 20, 'letterk', 21, 0),
(23, 21, 'sauron', 22, 0),
(24, 22, 'googlenexus', 23, 0),
(25, 22, 'nexus', 23, 0),
(26, 23, 'twistoffate', 24, 0),
(27, 24, 'hullo', 25, 0),
(28, 25, 'continents', 26, 0),
(29, 9, 'tomorrowland', 10, 0),
(30, 27, 'zaraki', 28, 0),
(31, 28, 'martinseptim', 29, 0),
(32, 26, 'benedictcumberbatch', 27, 0),
(33, 29, 'beatlesandpopularmusic', 30, 0),
(34, 30, 'gingerbread', 31, 0),
(35, 31, 'ledzeppelin', 32, 0),
(36, 32, 'jakegyllenhaal', 33, 0),
(37, 33, 'indianocean', 34, 0),
(38, 29, 'beatlespopularmusicandsociety', 30, 0),
(39, 29, 'thebeatlespopularmusicandsociety', 30, 0),
(40, 34, 'juliadream', 35, 0),
(41, 35, 'mumbaiblast', 36, 0),
(42, 35, 'mumbaiblasts', 36, 0),
(43, 36, 'charlieayers', 37, 0),
(44, 37, 'johnromero', 38, 0),
(45, 38, 'felicity2k14', 39, 0),
(46, 39, 'lyon', 40, 0),
(47, 40, 'noise', 41, 0),
(48, 41, 'mania', 42, 0),
(49, 42, 'termishadow', 43, 0),
(50, 35, 'mumbaibombblasts', 36, 0),
(51, 35, 'mumbaibombblast', 36, 0),
(52, 25, 'continent', 26, 0),
(53, 43, 'thedavincicode', 44, 0),
(54, 43, 'davincicode', 44, 0),
(55, 44, 'hellodolly', 45, 0),
(56, 45, 'friday', 46, 0),
(57, 46, 'canon', 47, 0),
(58, 47, 'anneroyall', 48, 0),
(59, 48, 'esperanto', 49, 0),
(60, 49, 'londonnewyorkparis', 49, 0);

-- --------------------------------------------------------

--
-- Table structure for table `attachments`
--

CREATE TABLE IF NOT EXISTS `attachments` (
  `id` int(11) NOT NULL AUTO_INCREMENT,
  `qid` int(11) NOT NULL,
  `attachment` varchar(2048) NOT NULL,
  `type` varchar(256) DEFAULT NULL,
  PRIMARY KEY (`id`),
  KEY `qid` (`qid`)
) ENGINE=InnoDB  DEFAULT CHARSET=latin1 AUTO_INCREMENT=48 ;

--
-- Dumping data for table `attachments`
--

INSERT INTO `attachments` (`id`, `qid`, `attachment`, `type`) VALUES
(2, 1, '1.html', 'html'),
(3, 2, '2-4038.png', 'png'),
(4, 3, '3-11871.png', 'png'),
(5, 4, '4-7158.png', 'png'),
(6, 5, '5-22486.png', 'png'),
(7, 6, '6-10050.png', 'png'),
(8, 7, '7-27041.png', 'png'),
(9, 8, '8-1438.png', 'png'),
(10, 9, '9-138.png', 'png'),
(11, 10, '10-17916.jpg', 'jpg'),
(12, 11, '11-19167.png', 'png'),
(13, 12, '12-3185.jpg', 'jpg'),
(14, 13, '13-5746.png', 'png'),
(15, 14, '16-6913.png', 'png'),
(16, 15, '15-20325.png', 'png'),
(17, 16, '14-12798.png', 'png'),
(18, 17, '18-2013.png', 'png'),
(19, 18, '17-8021.png', 'png'),
(20, 19, '19-30829.png', 'png'),
(21, 20, '20-26113.png', 'png'),
(22, 21, '21-2772.png', 'png'),
(23, 22, '22-1402.png', 'png'),
(24, 23, '23-4064.png', 'png'),
(25, 24, '24-22932.png', 'png'),
(26, 26, '26-30140.png', 'png'),
(27, 27, '27_19203.png', 'png'),
(28, 28, '28_23222.png', 'png'),
(29, 29, 'q27.png', 'png'),
(30, 30, 'q28.png', 'png'),
(31, 31, 'q41.jpg', 'jpg'),
(32, 32, 'q35.png', 'png'),
(33, 33, 'q38.png', 'png'),
(34, 34, 'q33.png', 'png'),
(35, 35, '32-18740.png', 'png'),
(36, 36, 'q30-9784.png', 'png'),
(37, 37, '37-4567.png', 'png'),
(38, 38, '42-6062.png', 'png'),
(39, 39, '34-17216.png', 'png'),
(40, 40, 'q50-45673.png', 'png'),
(41, 41, '30-8037.png', 'png'),
(42, 42, '1543376_10202365104402050_480939538_n.jpg', 'jpg'),
(43, 44, 'q51-5743.png', 'png'),
(44, 46, 'q2654.png', 'png'),
(45, 47, 'q341323.png', 'png'),
(46, 48, '1crefrfwv.png', 'png'),
(47, 49, 'q5435.png', 'png');

-- --------------------------------------------------------

--
-- Table structure for table `comments`
--

CREATE TABLE IF NOT EXISTS `comments` (
  `id` int(11) NOT NULL AUTO_INCREMENT,
  `qid` int(11) NOT NULL,
  `user_id` int(11) NOT NULL,
  `comment` varchar(2048) NOT NULL,
  `visual` tinyint(1) DEFAULT '0',
  `time` int(20) DEFAULT NULL,
  PRIMARY KEY (`id`),
  KEY `qid` (`qid`),
  KEY `user_id` (`user_id`)
) ENGINE=InnoDB  DEFAULT CHARSET=latin1 AUTO_INCREMENT=441 ;

--
-- Dumping data for table `comments`
--

INSERT INTO `comments` (`id`, `qid`, `user_id`, `comment`, `visual`, `time`) VALUES
(1, 1, 27, 'the game is on', 1, 1389807185),
(3, 1, 68, 'please provide some more hints.', 1, 1389808134),
(4, 3, 42, 'Are you sure there was no speling mistakes? :P', 1, 1389808231),
(5, 1, 53, 'any hint!!', 1, 1389808437),
(6, 1, 105, 'ahhhhhhhhhhh\n', 1, 1389808565),
(7, 1, 55, 'Any hints?', 1, 1389808703),
(8, 1, 12, 'Yeah, it''s not as obvious as i would imagine', 1, 1389808795),
(9, 1, 1, 'Don''t think too much. Answer lies in the SOURCE CODE itself.', 1, 1389808795),
(10, 1, 29, 'please provide some hints. ', 1, 1389809479),
(11, 1, 14, 'please more hints!!', 1, 1389809711),
(12, 1, 78, 'Is it the websites name?', 1, 1389809730),
(13, 1, 10, 'Ant hint? ', 1, 1389809767),
(14, 2, 130, 'Hint as to the relation to harry potter?', 1, 1389810109),
(15, 1, 10, 'Admin any non trivial hint pls', 1, 1389810221),
(16, 1, 100, 'What the hell?', 1, 1389810247),
(17, 1, 1, 'INSPECT closely. May the FIREBUG be with you! ', 1, 1389810469),
(18, 3, 42, 'So, if I have an answer, I try the wikipedia spellings. Would that be fine? Or should I also try possible other spellings?', 1, 1389810544),
(19, 3, 19, 'adsf', 1, 1389810554),
(20, 2, 31, 'Any clues??', 1, 1389810630),
(21, 3, 19, 'Jonathan Doue', 1, 1389810916),
(22, 3, 94, 'Abe sab kuch to try kar liya >.<', 1, 1389811006),
(23, 1, 183, 'What is this?', 1, 1389811224),
(24, 1, 23, 'tried everything\nfor=answer /// so tried for\nname=answer ////// so tried name\nwhat left??????\n', 1, 1389811479),
(25, 1, 52, 'ans pls\n', 1, 1389811861),
(26, 1, 207, 'yeah...in quite dark..hints\n', 1, 1389812246),
(27, 1, 197, 'i m not getting it?give another hint', 1, 1389812251),
(28, 3, 116, 'Hints please! ', 1, 1389812290),
(29, 1, 207, 'hint plzzz', 1, 1389812482),
(30, 1, 216, 'abcd', 1, 1389812568),
(31, 5, 54, 'Any hints???', 1, 1389812706),
(32, 1, 207, 'dont undrsrnd the rule no 3', 1, 1389812860),
(33, 3, 42, 'Please let us know if you changed the answer in between (becuase the question seems to have lost "Question")\nI will have to try from all answers from the beginning.', 1, 1389812880),
(34, 3, 171, 'Tineye Doesn''t shows you have exceeded your search limit.\nIf there is no other way to answer you should probably change then', 1, 1389812969),
(35, 3, 113, 'any clues?', 1, 1389813385),
(36, 4, 103, 'is it related to a movie?', 1, 1389813391),
(37, 1, 52, 'some more hints', 1, 1389813809),
(38, 3, 19, 'Brassica', 1, 1389813905),
(39, 1, 183, 'hint please\n', 1, 1389813961),
(40, 3, 166, 'Can we have a hint please?\n', 1, 1389814016),
(41, 3, 163, '@moderators, some hints here...', 1, 1389814356),
(42, 3, 1, 'Now, we are also accepting alternate answers for this question. Try now!', 1, 1389814426),
(43, 1, 227, 'some more hints\n', 1, 1389814468),
(44, 3, 1, 'No, tineye is surely not the only way to reach the answer. We just wanted to encourage the user to use any reverse image search. You can still use google image search or any other site if you want.', 1, 1389814596),
(45, 1, 210, 'What we should do to solve the problem? We should find some hints in html-code of the page, google this phrase, or what? Please, provide some more hints!', 1, 1389814845),
(46, 1, 225, 'hints ?\n', 1, 1389815055),
(47, 1, 108, 'is there an image coz its not loading after many tries\n', 1, 1389815150),
(49, 2, 12, 'Hmmm, I haven''t got a clue about harry potter ... Any hints ?', 1, 1389815822),
(50, 3, 14, 'any hint??\n', 1, 1389815833),
(51, 5, 66, 'hint dedo, bahut try kar liya.', 1, 1389816116),
(52, 3, 10, '@admin : Please give some hint...what after getting what all pictures mean?', 1, 1389816212),
(53, 2, 241, 'luck?', 1, 1389817062),
(55, 7, 54, 'hint please.....\n', 1, 1389817588),
(56, 3, 15, 'is any hash is the answer.?\nany hint.?', 1, 1389818767),
(57, 3, 15, 'hint plzz..??', 1, 1389818824),
(58, 5, 103, 'hint please???', 1, 1389819223),
(59, 12, 46, 'hint ?? this is really vague ', 1, 1389819735),
(60, 12, 1, 'You just need to look a bit deeper. !!!', 1, 1389820032),
(61, 3, 1, 'There are no Hashes .. Read the rules.', 1, 1389820032),
(62, 3, 31, 'If found two images in that four images in tineye.com, then what to do go on with sites there but nothing found!. Dont know what to do next?', 1, 1389820525),
(63, 5, 42, 'What colour is the snake? Green or yellow? I''m colour blind :P', 1, 1389821109),
(64, 5, 162, 'hint please!', 1, 1389821845),
(65, 5, 265, 'Hints?', 1, 1389821996),
(66, 5, 247, 'hints!', 1, 1389822059),
(67, 13, 46, 'is something related to NSW Minerals Council the answer', 1, 1389822250),
(68, 9, 169, 'Any hint??\n', 1, 1389823800),
(69, 5, 266, 'Hint do !!', 1, 1389823847),
(70, 8, 66, 'hint do please.', 1, 1389824182),
(71, 8, 1, 'Hint : The page has a lot of ads on it..', 1, 1389824701),
(72, 8, 103, 'hints\n??', 1, 1389825217),
(73, 5, 42, 'Is it "its" or "it''s"?', 1, 1389825465),
(74, 4, 31, 'is it movie name or any other?', 1, 1389825594),
(75, 3, 15, 'plzz give some hint...??', 1, 1389825847),
(76, 9, 244, 'Hint?', 1, 1389826147),
(77, 5, 117, 'any hints plzz ???\n', 1, 1389826165),
(78, 5, 108, 'any clues?\n', 1, 1389826387),
(79, 5, 42, 'Does the fourth image stand for "Bruce Lee" himself? ', 1, 1389827014),
(80, 10, 274, 'any verbal clue..', 1, 1389827020),
(81, 15, 46, 'hint is the second photo from harry potter??', 1, 1389827309),
(82, 5, 108, 'Come on give something at least!!!', 1, 1389827513),
(83, 12, 169, 'kitna deep is deeper?\n', 1, 1389827631),
(84, 6, 23, 'hints??', 1, 1389828052),
(85, 1, 1, 'For those, who are still struggling to find the answer, either *INSPECT ELEMENT* or visit this link: <a href=''http://felicity.iiit.ac.in/threads/hint''>http://felicity.iiit.ac.in/threads/hint</a>.', 1, 1389828886),
(86, 15, 46, 'hint please wat is the connection???', 1, 1389829443),
(87, 12, 123, 'Fuck deep man! X(\n', 1, 1389829468),
(88, 8, 54, 'Is it a name of player???', 1, 1389829489),
(89, 5, 12, 'Any Hints ?', 1, 1389829534),
(90, 5, 31, 'Is related to the death of the Bruce Lee?...or else', 1, 1389829709),
(91, 8, 54, 'Some more hints..plzz\n', 1, 1389830413),
(92, 12, 264, 'hint ?? stuck here for a long time .... getting nowhere', 1, 1389830474),
(93, 9, 103, 'hint please?', 1, 1389830807),
(94, 5, 1, 'The world is a COLORFUL place..', 1, 1389830994),
(95, 3, 1, 'HINT :: Every Child has a PARENT.', 1, 1389831691),
(96, 5, 31, 'Is it any Steg Analysis...may RGB...??', 1, 1389831937),
(97, 9, 265, 'Hints?', 1, 1389832423),
(99, 5, 42, 'I can''t believe I''ve spent 4 hours on this.', 1, 1389833381),
(100, 5, 31, 'clue clue...some thing...more...admin...', 1, 1389833449),
(101, 8, 302, 'Hint plzz...stuck!!!', 1, 1389833666),
(102, 8, 297, 'More Hints please!!!!!!! ', 1, 1389835864),
(103, 10, 122, 'what is the question..?', 1, 1389836433),
(104, 5, 15, 'plzz give a hint..??\n', 1, 1389836978),
(105, 9, 1, 'Now we are accepting alternate answer to this question...', 1, 1389839263),
(106, 8, 331, 'some more hints??\n', 1, 1389839635),
(107, 8, 1, 'HINT :: Somebody started VIDEO ADVERTISING.. who is he??', 1, 1389840582),
(108, 12, 1, 'HINT :: Focus on his DRINKING in fact whats he DRINKING ???', 1, 1389840744),
(109, 10, 1, 'HINT :: Your love is my ____ ??', 1, 1389840960),
(110, 12, 29, 'hint please!! Can you be a little bit elaborate', 1, 1389846065),
(111, 4, 159, 'does it one-word answer?', 1, 1389847122),
(112, 2, 346, 'Paul McCartney', 1, 1389853466),
(113, 2, 346, 'yo can we get a hint for this one? I''m really confused as to how to go about doing it.', 1, 1389854632),
(114, 3, 281, 'i am not getting ans i have tried all their family names...\npls help', 1, 1389857101),
(115, 3, 346, 'In what format should I submit the answer?', 1, 1389860058),
(116, 8, 8, 'how MIT relates to the answer?', 1, 1389860787),
(117, 3, 346, 'omg how do you enter this one in', 1, 1389861434),
(118, 5, 31, 'i got here for 10 hours.......clue clue clue.....tried lots of answers....clue..pls... :-(', 1, 1389866722),
(119, 15, 65, '@admin  -  hint please!!', 1, 1389867175),
(120, 5, 346, 'does this image have to do with bruce lee or just the colors in each image', 1, 1389867363),
(121, 8, 117, 'not getting !! plzz give any other hint plzzz !!!   \n', 1, 1389868209),
(122, 8, 7, 'Even without the hints I could figure out which website to visit. I entered all the names I could find and more, but none was an accepted answer. Apparently I am missing something obvious, obvious because others have been successful in finding. \n\nThat is the pleasure of participating with this competition: finding the obvious of a collection of puzzles. To think outside the box. Things hidden by authors who spent time and energy creating. Personally it is not to answer -all- but to find -as much as possible-, to maximize the enjoyment of thinking outside of the box.  \n\nThe penalty for not finding the answer to this one (or even future ones) is effectively disqualification. Not being able to find and answer other challenges I would have been capable to solve. Enjoyment transforms into disappointment and the only option left is to beg for hints. \n\nHints not only unfair for others who have solved the challenge, but often not being more than confirming what one already knows. Unless something magical happens I do not expect to answer this question. I have also spent far too much time on it. I would gladly sacrifice one or more points to be able to skip it and continue with experiencing the joys of the other questions. \n\nBreak-in has changed to make approach possible, why has Cache-in not? Why has nothing been learnt from the disappointments from previous years. It is about participation, not winning. Please take away some points and let me progress to the next question.\n\n', 1, 1389870897),
(123, 9, 331, 'any hints??\n', 1, 1389871038),
(124, 1, 356, 'I tried many keywords.... Are u sure answer is in "1word+lowercase+singular(no ''s'')"??', 1, 1389872401),
(125, 5, 174, 'Any other hint plz...', 1, 1389873655),
(126, 8, 8, 'Does "somebody"  refer to some person''s name? \nThe video ad can be started playing automatically, or by user, by virus etc. On the other hand video ads seem to have long long history. Please give more clues.', 1, 1389874837),
(127, 8, 8, 'hints please, stuck here for 12 hours.', 1, 1389874903),
(128, 14, 169, 'Is it related to tony montana\n', 1, 1389875330),
(129, 17, 367, 'could you give us some hints .. the question is vague !! ', 1, 1389875546),
(130, 12, 244, 'Is it just me or is this too vague?', 1, 1389876061),
(131, 8, 15, 'Some more hints..plzz..??', 1, 1389876267),
(132, 15, 29, 'hint do', 1, 1389878879),
(133, 2, 356, 'hint?', 1, 1389880627),
(134, 8, 7, 'I like the questions/challenges as they make me think outside the box. I am stuk and effectively disqualified. . Please take away some points and let me progress to the next question.', 1, 1389880824),
(135, 8, 319, 'hint please', 1, 1389881150),
(136, 8, 15, 'plzz give some hints..plzz..??\n', 1, 1389881165),
(137, 12, 331, 'any more hint??\n', 1, 1389881656),
(138, 9, 117, 'plzz give some hints !!', 1, 1389882289),
(139, 8, 1, 'BIG HINT :: Search GOOGLE YOUTUBE ADS massachusetts institute of technology around.', 1, 1389883365),
(140, 9, 1, 'HINT :: THE place the biggest DJ''s party.', 1, 1389883445),
(141, 12, 1, 'HINT :: It''s NOT a HARD DRINK, but what is it ???', 1, 1389883616),
(142, 15, 29, 'admin where are you ??', 1, 1389884287),
(143, 15, 29, 'admin who are you ?? ', 1, 1389884302),
(144, 8, 100, 'Any other hint ? Can''t really figure out who is he!', 1, 1389884986),
(145, 13, 331, 'any hints??\n', 1, 1389885253),
(146, 3, 280, 'Not reaching to the answer need more HINT!!', 1, 1389886027),
(147, 3, 320, 'hint.....please', 1, 1389886099),
(148, 5, 356, 'is it some name of place?', 1, 1389886535),
(149, 10, 116, 'Any more hints please?\n', 1, 1389887443),
(150, 10, 385, 'some more hint..\n\n', 1, 1389889469),
(151, 3, 395, '@admin .. tried full wiki.. no use.. better hint plz', 1, 1389890117),
(152, 3, 183, 'hint plse', 1, 1389890887),
(153, 12, 104, 'Any more hint??', 1, 1389890929),
(154, 8, 15, 'm continously trying it for 5 hours but not get it..plzz give some hint..plzz..??\n', 1, 1389891003),
(155, 8, 15, 'its name of a person or what..?? hint plzz..??\n', 1, 1389891034),
(156, 15, 29, 'hint do\n', 1, 1389891227),
(157, 15, 29, 'hint do', 1, 1389891234),
(158, 15, 29, 'hint do', 1, 1389891241),
(159, 10, 15, 'any hints plzz..??\n', 1, 1389891683),
(160, 3, 183, 'hint ples', 1, 1389891861),
(161, 13, 384, 'hint ...hint....>.<', 1, 1389892015),
(162, 13, 385, 'some hint please....\n', 1, 1389892299),
(163, 7, 389, 'hint please', 1, 1389892362),
(164, 10, 31, 'i tried possible terms... love,life,drug,soul,bravenewworld,world,..etc.but no use!', 1, 1389892379),
(165, 10, 31, 'Please update the hint!..admin', 1, 1389892397),
(166, 2, 311, 'D:...', 1, 1389892612),
(167, 5, 356, 'any hiint pls.. tired of trying', 1, 1389892869),
(168, 15, 1, 'HINT : Emancipate yourselves from mental SLAVERY, none but ourselves can FREE our minds!', 1, 1389893019),
(169, 13, 94, '@Admin : Hint please !! ', 1, 1389893331),
(170, 15, 368, 'any hint?', 1, 1389893731),
(171, 13, 126, 'hint please...', 1, 1389893735),
(172, 10, 31, 'Clue is not help ful...pls post some other..', 1, 1389894415),
(173, 10, 23, 'clue???', 1, 1389895013),
(174, 15, 54, 'Any more hints? ', 1, 1389895877),
(175, 10, 15, 'admin..plzz give some hint..??\n', 1, 1389896420),
(176, 15, 123, 'Which idiot made this question????', 1, 1389896742),
(177, 13, 116, 'Admin some hints please?\n', 1, 1389896904),
(178, 2, 78, 'who says this " plz any body harry potter lovers;\n', 1, 1389897598),
(179, 10, 69, 'One more Hint Please....', 1, 1389898305),
(180, 14, 169, 'I have tried montanamanagement scarface \n', 1, 1389898362),
(181, 14, 122, 'hints plzzz....', 1, 1389898825),
(182, 12, 15, 'plzz give hints..??', 1, 1389898961),
(183, 10, 402, 'plz help .......', 1, 1389899271),
(184, 12, 15, 'why water is not the answer even google seach and notepad has written that he is drinking water..\nwhat..??\n', 1, 1389899431),
(185, 12, 100, 'bakchodi .. hint de do !!\n\nPaani answer likhun kya ab !?', 1, 1389899497),
(186, 12, 100, 'Why aren''t my comments visible.. Wtf!?', 1, 1389900234),
(187, 12, 405, 'Tried everything related to wine! Nothing works. Any other hint?', 1, 1389900282),
(188, 10, 199, 'please update the hint !!!!!! admin........ any other clue please', 1, 1389900334),
(189, 13, 66, 'dedo yaar hint', 1, 1389900671),
(190, 10, 346, 'very nourishment\nvery_nourishment\nverynourishment\nvery\nnourishment\nNot working!', 1, 1389901162),
(191, 12, 100, 'World war z nahin hai kya ?? \n\nIt is saying wrong answer!', 1, 1389901363),
(192, 3, 407, 'is it one word answer ??\n', 1, 1389901425),
(193, 2, 306, 'hints plz\n', 1, 1389901591),
(194, 12, 15, 'plzz help..some big hint..plzz..??', 1, 1389902560),
(195, 17, 123, 'yeah.. hints please!', 1, 1389902594),
(196, 14, 23, 'what else could be the answer other than scarface or montana management\n', 1, 1389902631),
(197, 12, 8, 'hints please? is it related to any movie with him?', 1, 1389902902),
(198, 14, 23, 'hint????', 1, 1389903042),
(199, 16, 368, 'hint?', 1, 1389903063),
(200, 15, 122, 'more hints please...', 1, 1389903367),
(201, 12, 15, 'plzz give some hint plzz..??', 1, 1389903421),
(202, 13, 346, 'need a hint for this one. i''ve tried google searching everything and i can''t find anything that works\n', 1, 1389903438),
(203, 12, 15, 'clues..??', 1, 1389906216),
(204, 15, 94, 'More hinting !! ', 1, 1389906817),
(205, 12, 7, 'Many online sources say he is drinking water. Other (closer) photos online show it has bubbles and possibly lightly coloured. The direction is carbonated or softdrink. The hints confirm this . Using the wiki I have tried as much as possible combinations of class, brand and product names. As the picture was taken in France, I also entered the known country specific names. None triggered an answer. Either is it not a drink, not a clear/carbonated water based thing, or non-global class name like ''pop''. Otherwise you might want to accept more answers for this to be solved.', 1, 1389906954),
(206, 12, 31, 'i tried all soft drinks but no use..admin..other clues..???', 1, 1389907049),
(207, 17, 237, 'tooooooo vague..... any hint ????', 1, 1389907092),
(208, 12, 15, 'is it the name of drink or what..??\nplzz give hints..??', 1, 1389907202),
(209, 19, 123, 'Hint do koi!', 1, 1389907685),
(210, 15, 346, 'Still... what''s another similarity between the two?', 1, 1389908124),
(211, 10, 302, 'More hints plzzzzz....', 1, 1389908943),
(212, 15, 346, 'We''ve browsed all over the web with that hint. They both have to do with freeing themselves from slavery, but we don''t know what the answer is supposed to be.', 1, 1389909045),
(213, 16, 54, 'any hints???', 1, 1389909087),
(214, 15, 346, 'We already saw the relationship between these two regarding slavery and liberation...', 1, 1389909531),
(215, 8, 426, 'i'' ve failed a few times', 1, 1389910091),
(216, 19, 123, 'ANY HINTS PLEASE!', 1, 1389911006),
(217, 9, 306, 'deeper hint plz', 1, 1389911395),
(218, 13, 302, 'hint plzzzzzzzzzzzzzzzzzzzz......', 1, 1389911437),
(219, 12, 15, 'plzz give some hint..plzz..??', 1, 1389911443),
(220, 17, 431, 'Going all blank. Hint, please? :) ', 1, 1389911917),
(221, 17, 414, 'I smell something fishy.', 1, 1389912842),
(222, 17, 29, 'dude you need to take pr course, as there are too many co-related features and pursuing everything makes sense. So just a nudge on what we are looking for will make this question interesting ', 1, 1389912856),
(223, 14, 302, 'hint plzzzz....', 1, 1389913013),
(224, 17, 414, 'I smell something fishy! ', 1, 1389913207),
(225, 17, 414, 'please accept something fishy :P', 1, 1389914005),
(226, 17, 323, 'any hints?\n', 1, 1389915051),
(227, 14, 309, 'hints pls??', 1, 1389915067),
(228, 16, 122, 'hints please\n', 1, 1389915188),
(229, 17, 122, 'hint please.... ', 1, 1389915998),
(230, 9, 119, 'worst..hints...evarr!!!!', 1, 1389917327),
(231, 17, 211, 'yes plz.. some hints ', 1, 1389917748),
(232, 15, 1, 'HINT: The second pic is not related to harry potter. Its the pic of a person to whose works you need to relate the first pic. The first is representing slavery. Now you should be able to relate the two!', 1, 1389917908),
(233, 8, 1, 'HINT: There''s a small button in the near bottom corner of the VIDEO not the video player. Try to relate that to MIT.', 1, 1389918117),
(234, 19, 1, 'HINT: Answer is a movie whose title is of two words. Try breaking the 3 pics into words, and behave as you are playing Dumb Charades and trying to devise the name.', 1, 1389918530),
(235, 13, 100, 'Hint please !?', 1, 1389918834),
(236, 17, 54, 'Admin kuch to hints do....', 1, 1389919092),
(237, 3, 436, 'some hint plz .. what is meant by "Every Child has a PARENT"?... it is not necessary\n ', 1, 1389919564),
(238, 3, 38, 'giving up..... after one day strugglin'' with this one. I just don''t get it', 1, 1389919749),
(239, 17, 122, 'hints please....', 1, 1389919782),
(240, 13, 100, 'Does it have something to do with Rihanna & Justin Bieber??????', 1, 1389919825),
(241, 17, 1, 'HINT: First pic is simply represents a particular flower and you see the creature from the second pic in news-papers daily.', 1, 1389920008),
(242, 15, 430, 'the answer is the connection or the person?\n', 1, 1389920111),
(243, 14, 1, 'HINT: @tija, you are very close!!', 1, 1389920465),
(244, 15, 389, 'hint please', 1, 1389920751),
(245, 15, 309, 'hints pls ???', 1, 1389920980),
(246, 20, 54, 'any hints???', 1, 1389921035),
(247, 19, 1, 'HINT:First pic represent a number and remaining two pics are pretty obvious...!!', 1, 1389921142),
(248, 13, 7, 'With regard to the previous question, Pepsi is anything but what brad pitt was drinking. Pepsi is black, Brad was drinking something transparent. Why?', 1, 1389921172),
(249, 13, 1, '@untangler pic only signifies that brad is drinking something..!!while googling "brad pitt is drinking" ,pepsi automatically comes under first 4 suggestion.', 1, 1389921687),
(250, 20, 1, 'HINT: Sri Krishna Sweets...!!', 1, 1389921884),
(251, 1, 1, 'HINT: Try INSPECT ELEMENT.', 1, 1389922387),
(252, 12, 319, 'ab toh hint dedo admin', 1, 1389922474),
(253, 2, 1, '@evertokki i don''t think it requires hint..!!', 1, 1389922584),
(254, 3, 1, 'HINT: They all have common ancestors...!!!', 1, 1389922671),
(255, 20, 54, 'do we need to reverse the letters of answer', 1, 1389922781),
(256, 13, 319, 'pepsi is black you racist', 1, 1389922793),
(258, 22, 336, 'Hint please!', 1, 1389922959),
(259, 4, 1, 'HINT: Movie of everybody''s choice..!!', 1, 1389922984),
(260, 22, 123, 'yeah hint!', 1, 1389923087),
(261, 5, 1, 'HINT:Try to read this pics as colors...!!', 1, 1389923124),
(262, 13, 7, 'I think I am getting the epiphany. Left is "Huggies Pure & Natural Diapers, Jumbo Pack", Right is a "Boeing 747-400 Jumbo Jet". "Jumbo" is not the answer. Learning from the previous, I should actually be googling "Airplane Diapers" or "Flying with Babies", right?', 1, 1389923179),
(263, 7, 1, 'HINT: Its a movie..!!', 1, 1389923235),
(264, 22, 414, 'are papu apna naam to bata :P', 1, 1389923298),
(265, 22, 414, 'Hint Please de do bhaiya warna hamse na ho paye :P', 1, 1389923537),
(266, 22, 1, 'HINT:You will find the answer where you search for it..!!', 1, 1389923590),
(267, 22, 414, 'thank you for your hint :D', 1, 1389923669),
(268, 22, 123, '@knowing42, OBH-7 pe aa saale!', 1, 1389923716),
(269, 13, 1, 'HINT: Think second pic as depicting some AIRLINES..!!', 1, 1389923800),
(270, 20, 54, 'some more hint...plz', 1, 1389923905),
(271, 22, 1, 'HINT:I like the best phone in the market...!!', 1, 1389924014),
(272, 22, 414, 'lite :)', 1, 1389924047),
(273, 20, 1, 'HINT:I like to eat MYSOORPA...!!!', 1, 1389924306),
(274, 22, 336, 'And I like the way you lie :P', 1, 1389924367),
(275, 22, 336, 'pappu pass ho gaya :D', 1, 1389924529),
(276, 24, 123, 'HINT!', 1, 1389925411),
(277, 24, 414, 'hint pls :)', 1, 1389925414),
(278, 7, 441, 'Hints?\n', 1, 1389925838),
(279, 24, 375, 'hint plz!', 1, 1389926020),
(280, 24, 375, 'hints!!', 1, 1389927773),
(281, 27, 123, 'Give a hint! This is too vague!', 1, 1389928824),
(282, 20, 54, 'Is it some other name of mysore pak....? ', 1, 1389929289),
(283, 21, 131, 'hints???????\n', 1, 1389929352),
(284, 28, 123, 'HINT!', 1, 1389931911),
(285, 15, 346, 'I still can''t tie 2 and 2 together. Is the word were looking for a person, place, thing, idea?', 1, 1389931968),
(286, 25, 336, 'Hint do!', 1, 1389932308),
(287, 25, 414, 'hint pls !!!', 1, 1389932310),
(288, 25, 336, 'Still the best phone you like? :P', 1, 1389933011),
(289, 24, 66, 'hint dedo pileeese', 1, 1389933586),
(290, 24, 427, 'Any Hint ???\n', 1, 1389933689),
(291, 25, 336, 'Oye admin uth!', 1, 1389933911),
(292, 25, 414, 'admin this is not the time sleep. The game is on !!!!', 1, 1389933937),
(293, 28, 123, 'HINT MAN!\n', 1, 1389934138),
(294, 15, 346, 'More hints please', 1, 1389935649),
(295, 15, 346, 'We already knew that these two BOTH had to do with slavery... one''s a slave, but on was free and instituted English education in India... now what? The first pic was a slave that was freed, then the second pic was a man who''s father advocated for emancipation. This person instituted British learning in India... how are we supposed to answer this?', 1, 1389936165),
(296, 25, 427, 'hint please ?', 1, 1389936195),
(297, 27, 445, 'Dry fruits mehenge ho gaye thode :(', 1, 1389936697),
(298, 27, 431, 'PT miss karenge to attendance milegi? ', 1, 1389936796),
(299, 27, 431, 'Hint, please! ', 1, 1389940054),
(300, 24, 66, 'Hint please !!', 1, 1389940329),
(301, 15, 346, 'Still can''t find the relationship here.... I think I''ve exhausted the words in the dictionary and everywhere. Is there anything else you could give as a hint?', 1, 1389941918),
(302, 15, 346, 'why is this one so hard? :(', 1, 1389945594),
(303, 29, 441, 'HINTS?? ', 1, 1389948726),
(304, 12, 8, 'no more hints? just stuck here.', 1, 1389948744),
(305, 15, 346, 'Please update these hints more often than every 5 hours. You are too SLOW.', 1, 1389950552),
(306, 20, 54, 'any more hints?? ', 1, 1389952643),
(307, 27, 445, 'hints plz..... not really able to connect the 2 pics apart from fact dat bothr anime :P\n', 1, 1389953324),
(308, 15, 114, 'is the answer some year?', 1, 1389955010),
(309, 5, 320, 'please give some good hint.......hanged from 1 day', 1, 1389956144),
(310, 15, 319, 'please give hint regarding the person.....', 1, 1389956762),
(311, 15, 309, 'stuck for a long time ... more hints pls ', 1, 1389961570),
(312, 5, 358, 'tried everything...a new hint please', 1, 1389962248),
(313, 16, 454, 'Some hints !\n', 1, 1389963533),
(314, 29, 1, 'NOW WE ARE ACCEPTING MULTIPLE SOLUTIONS..', 1, 1389964521),
(315, 15, 430, 'more hints pls...\n', 1, 1389964971),
(316, 17, 434, 'HINT PLEASE!!', 1, 1389966173),
(317, 21, 54, 'hints??\n', 1, 1389966184),
(318, 12, 458, 'http://www.digitalspy.co.uk/showbiz/i179038/star-snaps-brad-pitt-drinking-a-cup-of-water-at-the-the-festival-palace-2009-cannes-film-festival-france.html', 1, 1389966200),
(319, 14, 331, 'hint plzz???\n', 1, 1389966247),
(320, 12, 458, 'why this answer is not being accepted ????\nhttp://www.digitalspy.co.uk/showbiz/i179038/star-snaps-brad-pitt-drinking-a-cup-of-water-at-the-the-festival-palace-2009-cannes-film-festival-france.html', 1, 1389966267),
(321, 12, 458, 'http://www.celebitchy.com/51862/cannes_brad_pitt_quentin_tarantinos_drunken_exploits/\nwater again & not pepsi', 1, 1389966389),
(322, 27, 324, 'hints plz.... know character and anime name... but cant connect.', 1, 1389968259),
(323, 25, 323, 'Hint plejj', 1, 1389968465),
(324, 24, 54, 'hints??\n', 1, 1389968884),
(325, 15, 31, 'stuck here from more than 10 hours... tried a lot of answers..exhausted exhausted exhausted!!!', 1, 1389968971),
(326, 12, 380, 'Does it relate to Brad Pitt?', 1, 1389969235),
(327, 2, 78, 'plz give more is the ans is of only single character,', 1, 1389969423),
(328, 28, 431, 'Watts ke saath kya connection tha last mein?!', 1, 1389969821),
(329, 15, 199, 'hints please.....................', 1, 1389970099),
(330, 34, 441, 'Bhai kuch toh hint dey dey?', 1, 1389970952),
(331, 22, 211, 'hint koi aur plz.. something relevant!!', 1, 1389971348),
(332, 15, 185, 'Hint please..', 1, 1389971719),
(333, 16, 114, 'hint?', 1, 1389972199),
(334, 15, 297, 'hints plz!!!!!........', 1, 1389973320),
(335, 37, 123, 'HINT!', 1, 1389973353),
(336, 29, 410, 'hints???', 1, 1389973973),
(337, 24, 211, 'hints yaar.. plz', 1, 1389974773),
(338, 24, 1, 'HINT: Lets say 1st image signifies X verb, and 2nd image signifies Y person. Now, try to think this way.\nThere''s a device that you use daily. What do you say when that device does X and what did Y initially say?\n[Grammar of the hint may be slightly wrong, but if you get the meaning its all OK].', 1, 1389975861),
(339, 25, 211, 'hint plz admin... not much time left', 1, 1389976518),
(340, 5, 356, 'It better be some worthy logical answer... I am trying since 2 days.. :) :) ', 1, 1389978147),
(341, 25, 1, 'HINT: The numbers given are coded in some sense (very easy encoding). When you decode them, it''ll form sorted order of somethings. That something is the answer.', 1, 1389978534),
(342, 5, 1, 'HINT: Focus on the COLORS and the fact that all the images are SQUARES.', 1, 1389978704),
(343, 17, 1, 'HINT: Find the name of the flower depicted in the first pic Relate second pic to horoscope. Now, try to relate those two in a unit of time.', 1, 1389978907),
(344, 15, 1, 'HINT: Apart from education, the second person chaired a committee which drafted a very important document. Try to find where in that document is slavery talked about.', 1, 1389979211),
(345, 12, 8, 'dear admins, you forgot to give us some hints. \nYes, he is drinking water. May be soft water. Then WHAT? water related to Brad Pitt? or Cannes, France, or maybe sth related to his ring?\nI suspect your previous hints narrowed the topic into only drinking, but no idea. ', 1, 1389980236),
(346, 28, 103, 'so hint please??', 1, 1389981054),
(347, 37, 1, 'HINT: The specific model depicted in the pic is not very relevant. Answer is a person who developed some games which you must have played.', 1, 1389981112),
(348, 12, 1, 'HINT: The person depicted in this pic is relevant and not water. A drink was NAMED after this person. Try to find out the name of that drink.\n@shannider, you seem to be very close to the answer.', 1, 1389981481),
(349, 19, 430, 'more hints...please..\n', 1, 1389982452),
(350, 38, 441, 'Any hints?\n', 1, 1389982588),
(351, 38, 441, 'any hint? admin?', 1, 1389982917),
(352, 12, 8, 'OMG! Thank you.', 1, 1389983073),
(353, 30, 211, 'hints??', 1, 1389983833),
(354, 15, 8, 'do I have to read the Penal code?', 1, 1389988054),
(355, 16, 31, 'Hint pls admin...I understood that milk+carrot gives something to infants or babies...?..isn''t it?....', 1, 1389988156),
(356, 15, 346, 'Is the answer the document, or is it a term inside the document', 1, 1389988382),
(357, 15, 346, 'The Indian Penal Code, Education Acts, Essay on Milton... we have parsed for the word "slave" through every PIXEL of these documents. We have tried all the captions, headers, and associations with slavery. Is the answer more than one word? What type of words are they? Why can''t you respond faster? Why don''t any of these combinations give us the correct answer?', 1, 1389988943),
(358, 10, 452, 'help plzzz...........', 1, 1389988959),
(359, 15, 346, 'Which words should we combine?', 1, 1389989299),
(360, 26, 185, 'hint ?', 1, 1389989524),
(361, 32, 211, 'hint plz.. stuck for the past 1 hr!', 1, 1389989592),
(362, 15, 346, 'I have tried all his documents on slavery, and the most prominent ones are his Milton Essay and the India Bill of 1833 but when I try all the keywords and phrases surrounding slavery, nothing works.', 1, 1389989754),
(363, 25, 114, 'pls give me some more dear admin', 1, 1389990689),
(364, 6, 390, 'hints admin plesase\n', 1, 1389992495),
(365, 16, 31, 'Some Hints??', 1, 1389992966),
(366, 16, 346, 'A happy baby: Super Carrot (carotene, vitamin A, K, good vision) + Milk (protein, vitamin D, B12, healthy teeth and bones, calcium, breastfeeding?) = Super baby? X-ray vision? Strong baby? Strongman? Happyfamily? Bonding?', 1, 1389993084),
(367, 32, 417, 'hints plz???', 1, 1389993723),
(368, 27, 114, 'p.t koo attendane dho sir pls..', 1, 1389993753),
(369, 16, 31, 'Hint please...', 1, 1389994050),
(370, 27, 185, 'hint please :|', 1, 1389994053),
(371, 6, 472, 'hints anyone??', 1, 1389994394),
(372, 16, 346, 'Why haven''t you provided some hints yet?', 1, 1389994446),
(373, 41, 1, 'HINT: Pics in 2nd row has two scientists whose name are Neumann and Edison respectively.', 1, 1389994690),
(374, 16, 346, 'please hint..', 0, 1389995183),
(375, 27, 421, 'please give a hint\n<br>', 1, 1389996010),
(376, 16, 31, 'Is this question is that much easy....hint doesn''t required????', 0, 1389996078),
(377, 27, 430, 'hint pls.........................\n', 0, 1389996141),
(378, 16, 31, 'I had seen this from more than 2 hours...."Incorrect answer".', 0, 1389996298),
(379, 16, 346, 'we need a hint. its clearly some kind of baby formula or puree, but nothing we try is working.', 0, 1389996414),
(380, 16, 346, 'http://voices.yahoo.com/carrot-juice-benefits-2883375.html?cat=5 HALP!', 0, 1389996807),
(381, 26, 122, 'hint please...\n', 0, 1389997713),
(382, 15, 281, 'more hintsss plzz stuck hereeee', 1, 1389997776),
(383, 28, 421, 'hint please!!! ', 1, 1389998143),
(384, 27, 122, 'hints please', 1, 1389998599),
(385, 42, 211, 'koi toh hint dedo... ye kaisa mazak hai?!', 1, 1389998763),
(386, 11, 390, 'hints', 11, 1389998896),
(387, 27, 122, 'hint please', 1, 1389998978),
(388, 43, 1, 'HINT: Take one step backward, then one step forward.', 1, 1389999042),
(389, 28, 1, 'HINT: Link a recent movie of the person in second pic to the wiki page of the the person in the first pic and the question text.', 1, 1389999436),
(390, 15, 281, 'tried all ans....\npls helpppppppppppp', 0, 1389999463),
(391, 11, 1, 'HINT: Answer is a very famous TV show whose adaptions have been made in several countries. Its production house is even shown in this pic.', 1, 1389999644),
(392, 27, 1, 'HINT: Find the TV series related to the first pic. You''ll get a number. Find the Xth captain in the TV show realted to the second pic.', 1, 1390000029),
(393, 42, 211, 'hint plz', 1, 1390000080),
(394, 28, 122, 'hint hint hint .............', 0, 1390000535),
(395, 16, 1, 'HINT: Its related to anime characters, whose names are derived from the things shown in the pic.', 1, 1390000558),
(396, 15, 1, 'HINT: Find the article in the Indian Penal Code, and relate to SLAVERY depicted by the first pic.', 1, 1390000791),
(398, 42, 29, 'Bandhu ji, Hint dijiyega!! \n', 1, 1390001127),
(399, 30, 122, 'hints??????\n', 1, 1390001392),
(401, 32, 185, 'hint hint hint .... :/', 1, 1390002918),
(402, 42, 1, 'HINT: Its a PATH, follow the path to reach the answer.', 1, 1390002943),
(403, 31, 122, 'hints..??', 1, 1390002997),
(404, 32, 421, 'hints!!!!', 1, 1390003352),
(405, 32, 122, 'hints...............', 1, 1390003374),
(406, 15, 331, 'section367 is not the answer what i am supposed to write???', 1, 1390003476),
(407, 32, 417, 'hints plz??\n', 1, 1390004127),
(413, 44, 1, 'HINT: 1. Its related to movies.\n', 1, 1390005473),
(414, 35, 122, 'hints please\n', 0, 1390005491),
(415, 32, 1, 'HINT:<br />\r\n1. Its related to movies.<br />\r\n2. What does ''ctrl+u'' does in your browser.<br />\r\n3. Relate first to pic to a movie also.', 1, 1390005581),
(416, 30, 1, 'HINT: I like the color of the girl..!!', 1, 1390006245),
(417, 46, 123, 'HINT!', 1, 1390006833),
(418, 38, 1, 'HINT: NIVEAU UNO ...!!!', 1, 1390006882),
(419, 33, 1, 'HINT: I like both MOVIES..!!', 1, 1390007037),
(420, 44, 211, 'more hints?', 1, 1390007237),
(421, 30, 1, 'HINT: Girl has pale skin, freckles and bright red hair..!!', 1, 1390007238),
(422, 33, 376, 'Hints please????', 1, 1390007339),
(423, 34, 480, 'hints... ?\n', 1, 1390007536),
(424, 44, 1, 'HINT: The second person substituted first person somewhere. That thing is the answer.', 1, 1390007664),
(425, 34, 480, 'hint??', 1, 1390007781),
(426, 29, 1, 'HINT:MUSIC is my favourite pass-time...!!', 1, 1390007799),
(427, 16, 346, 'We know that the baby is a picture of Akira Uchira/Akira Toriyama, and there''s Carrot Glace and K', 1, 1390007943),
(428, 34, 376, 'Hints????\n', 0, 1390008006),
(429, 34, 376, 'is it related to Beach Boys???', 0, 1390008377),
(430, 35, 376, 'Hints???', 0, 1390008856),
(431, 15, 307, 'tried almost all sections...still no progress...', 0, 1390008948),
(432, 33, 199, 'clues please\n', 0, 1390009148),
(433, 37, 122, 'hints please\n', 1, 1390009199),
(434, 46, 211, 'hint plz', 1, 1390009540),
(435, 46, 21, 'hint!\n', 1, 1390009684),
(436, 34, 1, 'HINT:The answer is a name of song..!!\nP.S.:-doesn''t the background looks like its moving?', 1, 1390009746),
(437, 46, 441, 'Hint plss !!!', 1, 1390009764),
(438, 35, 483, 'hint please....', 1, 1390009872),
(439, 46, 1, 'HINT:Some Japanese MNC can help you..!!', 1, 1390010131),
(440, 46, 427, 'hint plz', 0, 1390010236);

-- --------------------------------------------------------

--
-- Table structure for table `questions`
--

CREATE TABLE IF NOT EXISTS `questions` (
  `id` int(11) NOT NULL AUTO_INCREMENT,
  `question` varchar(16384) DEFAULT NULL,
  PRIMARY KEY (`id`)
) ENGINE=InnoDB  DEFAULT CHARSET=latin1 AUTO_INCREMENT=50 ;

--
-- Dumping data for table `questions`
--

INSERT INTO `questions` (`id`, `question`) VALUES
(1, 'May the SOURCE be with you!'),
(2, 'All you need is a little luck!'),
(3, 'Reverse Image search is your best friend!'),
(4, 'Connect these POSTERS!'),
(5, 'Its all squares now!'),
(6, 'Who is he?'),
(7, ''),
(8, 'The truth of the story lies in the details.'),
(9, 'We like to party!!'),
(10, ''),
(11, 'riguardare queste immagini'),
(12, ''),
(13, ''),
(14, ''),
(15, ''),
(16, ''),
(17, ''),
(18, ''),
(19, ''),
(20, 'You hardly get to THE LETTER! :P'),
(21, ''),
(22, ''),
(23, 'May the FATE be with you!'),
(24, ''),
(25, 'Big is First:<br />1-1-14-19-1-5-1'),
(26, ''),
(27, 'Watts !!!!'),
(28, 'Lets Play !!!'),
(29, 'First course of its kind in the world.'),
(30, ''),
(31, ''),
(32, ''),
(33, 'Relate the two images.'),
(34, ''),
(35, ''),
(36, ''),
(37, ''),
(38, 'Niveau!'),
(39, ''),
(40, ''),
(41, ''),
(42, ''),
(43, 'Ugf Vpkg ng Vbkm Ruqfdu<br /><br />Have you deCODEd this?'),
(44, ''),
(45, '4/4<br />\n6/6<br />\n8/8<br />\n10/10<br />\n12/12<br />'),
(46, ''),
(47, 'No One has ever done this task before.'),
(48, 'No Repeats!'),
(49, 'Name the 3 cities in alphabetical order.');

-- --------------------------------------------------------

--
-- Table structure for table `user`
--

CREATE TABLE IF NOT EXISTS `user` (
  `id` int(11) NOT NULL AUTO_INCREMENT,
  `cur_question` int(11) NOT NULL DEFAULT '1',
  `score` int(11) NOT NULL DEFAULT '0',
  `name` varchar(256) NOT NULL,
  `nick` varchar(256) NOT NULL,
  `email` varchar(256) NOT NULL,
  `last_submit_time` int(20) DEFAULT NULL,
  `penalty` int(20) NOT NULL DEFAULT '0',
  PRIMARY KEY (`id`),
  KEY `cur_question` (`cur_question`)
) ENGINE=InnoDB  DEFAULT CHARSET=latin1 AUTO_INCREMENT=485 ;

--
-- Dumping data for table `user`
--

INSERT INTO `user` (`id`, `cur_question`, `score`, `name`, `nick`, `email`, `last_submit_time`, `penalty`) VALUES
(1, 46, 0, 'Admin User', 'Admin', 'User', 1390009369, 0),
(2, 1, 0, 'Chandan Singh', 'chandan', 'Singh', 1389810241, 0),
(3, 3, 0, 'Alex Podlesniy', 'Podliy16', 'Podlesniy', 1389808243, 0),
(4, 8, 0, 'Kushal Singh', 'kushal', 'Singh', 1389822478, 0),
(5, 5, 0, 'ANVESHI SHUKLA', 'anveshi', 'SHUKLA', 1389813680, 0),
(6, 1, 0, 'chamarthi-venkata hrudayanath', 'hruday', 'hrudayanath', 1389806994, 0),
(7, 13, 0, 'Franz Korntner', 'Untangler', 'Korntner', 1389921019, 0),
(8, 15, 0, 'Batchunag Dashdemberel', 'footman', 'Dashdemberel', 1389985517, 0),
(9, 9, 0, 'Andrew Gorokhov', 'Andrey', 'Gorokhov', 1389928999, 0),
(10, 5, 0, 'AAKASH ANUJ', 'aakashanuj', 'ANUJ', 1389833830, 0),
(11, 15, 0, 'Aanchal Bindal', 'phoenixfire', 'Bindal', 1389957382, 0),
(12, 9, 0, 'Luap Notnevets', 'HENLEYbls', 'Notnevets', 1389912464, 0),
(13, 24, 0, 'Sambuddha Basu', 'sambuddhabasu', 'Basu', 1389924951, 0),
(14, 3, 0, 'morteza hosseini', 'mory91', 'hosseini', 1389812435, 0),
(15, 15, 0, 'Chinmay Agrawal', 'chin2', 'Agrawal', 1389923278, 0),
(16, 1, 0, 'Raunak Talwar', 'raunakrocks', 'Talwar', 1389807036, 0),
(17, 38, 0, 'Anirudh Goyal', 'Zombies', 'Goyal', 1390001933, 0),
(18, 1, 0, 'Vishrut Mehta', 'vishrut009', 'Mehta', 1389807037, 0),
(19, 5, 0, 'Mohammad-Amin Khashkhashi-Moghaddam', 'alexmercer', 'Khashkhashi-Moghaddam', 1389817603, 0),
(20, 1, 0, 'Anirudh Anand', 'D3vi1', 'Anand', 1389807049, 0),
(21, 46, 0, 'Ronak Kogta', 'PaniKePatashe', 'Kogta', 1390009116, 0),
(22, 1, 0, 'yoyo yoyo', 'nick1024', 'yoyo', 1389807053, 0),
(23, 15, 0, 'AKHIL BATRA', 'AKKI', 'BATRA', 1389963828, 0),
(24, 15, 0, 'Amogh Pradeep', 'amoghbl1', 'Pradeep', 1389952549, 0),
(25, 4, 0, 'Harshit Bhagat', 'hbhagat786', 'Bhagat', 1389834981, 0),
(26, 2, 0, 'Dragos Rotaru', 'mathboy', 'Rotaru', 1389808242, 0),
(27, 1, 0, 'Phani Karan', 'phanikaran', 'Karan', 1389807095, 0),
(28, 3, 0, 'Shubham Kansal', 'bluej', 'Kansal', 1389876045, 0),
(29, 42, 0, 'Ada Lovelace', 'MaliceInWonderland', 'Lovelace', 1390000351, 0),
(30, 8, 0, 'Rashi Shrishrimal', 'ras20', 'Shrishrimal', 1389857370, 0),
(31, 21, 0, 'NareshChowdary Kommuri', 'knc', 'Kommuri', 1390009878, 0),
(33, 1, 0, 'Roshani Narasimhan', 'Roshani', 'Narasimhan', 1389807138, 0),
(34, 3, 0, 'Akshit Vij', 'IMMORTAL', 'Vij', 1389914391, 0),
(35, 10, 0, 'Alok Thatikunta', 'anDRew', 'Thatikunta', 1390000598, 0),
(36, 3, 0, 'Arpita Gupta', 'arpi', 'Gupta', 1389810646, 0),
(37, 1, 0, 'Shubham Maheshwari', 'xtremered', 'Maheshwari', 1389807215, 0),
(38, 9, 0, 'klaus klaus', 'drogenbob', 'klaus', 1389998125, 0),
(39, 1, 0, 'Jalpreet Nanda', 'imjalpreet', 'Nanda', 1389807220, 0),
(40, 3, 0, 'Rachit Aggarwal', 'rachit379', 'Aggarwal', 1389816717, 0),
(41, 1, 0, 'anuj gupta', 'anujmanit', 'gupta', 1389807236, 0),
(42, 12, 0, 'Akshay Dinesh', 'asdofindia', 'Dinesh', 1389898531, 0),
(43, 3, 0, 'Guy Fawkes', 'GlundronaBarn', 'Fawkes', 1389874126, 0),
(44, 19, 0, 'Gautam Vepa', 'vepagautam', 'Vepa', 1389999569, 0),
(45, 1, 0, 'Rajat Bhardwaj', 'adp10', 'Bhardwaj', 1389807259, 0),
(46, 26, 0, 'madhuri gaddam', 'devils', 'gaddam', 1389976931, 0),
(47, 3, 0, 'Akshay Kumar', 'kumaraks', 'Kumar', 1389812838, 0),
(48, 4, 0, 'Radu Caragea', 'sinaelgl', 'Caragea', 1389990575, 0),
(49, 11, 0, 'Ayush Mishra', 'Spider', 'Mishra', 1389907489, 0),
(50, 1, 0, 'Sushant Thakur', 'skt', 'Thakur', 1389807283, 0),
(51, 6, 0, 'vaibhav gupta', 'terminator', 'gupta', 1390010408, 0),
(52, 3, 0, 'virendra pratap', 'veeru', 'pratap', 1389874710, 0),
(53, 18, 0, 'Deepak Goyal', 'zonker', 'Goyal', 1389994949, 0),
(54, 27, 0, 'Pulkit Agarwal', 'Timehacker', 'Agarwal', 1389998560, 0),
(55, 3, 0, 'Palash Mittal', 'TheManiac', 'Mittal', 1389812176, 0),
(56, 1, 0, 'rahul anand', '300', 'anand', 1389807340, 0),
(57, 1, 0, 'ashish singh', 'ashish', 'singh', 1389807348, 0),
(58, 9, 0, 'papireddygari maneesha', 'immad', 'maneesha', 1389880735, 0),
(59, 1, 0, 'ram babu', 'fineman', 'babu', 1389807359, 0),
(60, 1, 0, 'Sanyasirao Mopada', 'Sunny', 'Mopada', 1389807367, 0),
(61, 3, 0, 'sahil kharb', 'thefallen', 'kharb', 1389888382, 0),
(62, 3, 0, 'k space', 'kspace', 'space', 1389826590, 0),
(63, 3, 0, 'Andrey Kashin', 'acid', 'Kashin', 1389898623, 0),
(64, 17, 0, 'manoj bhupathiraju', 'maverickme', 'bhupathiraju', 1389905740, 0),
(65, 28, 0, 'Pushyami Rachapudi', 'Push', 'Rachapudi', 1389991219, 0),
(66, 46, 0, 'crazy orangutan', 'crazyorangutan', 'orangutan', 1390009808, 0),
(67, 1, 0, 'Sanatan Mishra', 'sanatan', 'Mishra', 1389807540, 0),
(68, 1, 0, 'Rohit Ranjan', 'nikku', 'Ranjan', 1389807551, 0),
(69, 10, 0, 'NageswaraRao Podilapu', 'Nagesh', 'Podilapu', 1389897240, 0),
(70, 8, 0, 'srishti aggarwal', 'srishti', 'aggarwal', 1389894009, 0),
(71, 25, 0, 'Sindhu Ernala', 'sindh', 'Ernala', 1390004821, 0),
(72, 10, 0, 'Sravya popuri', 'potter', 'popuri', 1389998647, 0),
(73, 1, 0, 'Karan Dhamele', 'krans4u', 'Dhamele', 1389807692, 0),
(74, 1, 0, 'satish kumar', 'sam', 'kumar', 1389807692, 0),
(75, 1, 0, 'Prantar Ghosh', 'prantarg', 'Ghosh', 1389807695, 0),
(76, 1, 0, 'neo optimus', 'neo', 'optimus', 1389807710, 0),
(77, 8, 0, 'Siddharth Tanwar', 'sid112233', 'Tanwar', 1389894044, 0),
(78, 2, 0, 'Ajay Choudhary', 'Chou110125', 'Choudhary', 1389896902, 0),
(79, 10, 0, 'Yogeesh S', 'y0g1337h', 'S', 1389906875, 0),
(80, 17, 0, 'Saumya Dwivedi', 'please', 'Dwivedi', 1389910869, 0),
(81, 3, 0, 'Neelesh Dwivedi', 'Neal', 'Dwivedi', 1389812000, 0),
(82, 10, 0, 'Aasritha Pisupati', 'Aasritha', 'Pisupati', 1389982177, 0),
(83, 15, 0, 'Roopal Nahar', 'roop08', 'Nahar', 1389899957, 0),
(84, 1, 0, 'Akshay Krishnan', 'b3h3m0th', 'Krishnan', 1389807951, 0),
(85, 1, 0, 'Shubham Bansal', 'iN3O', 'Bansal', 1389807957, 0),
(86, 16, 0, 'Nishant Prateek', 'IT', 'Prateek', 1390010456, 0),
(87, 1, 0, 'Shivam Tripathi', 'blitz', 'Tripathi', 1389808070, 0),
(88, 28, 0, 'Akshaya Purohit', 'LOGAN', 'Purohit', 1389998436, 0),
(89, 1, 0, 'Swaminathan G', 'swami', 'G', 1389808134, 0),
(90, 5, 0, 'Somanshu Agarwal', 'somu', 'Agarwal', 1389813484, 0),
(91, 1, 0, 'Manu Mishra', 'ManuM', 'Mishra', 1389808180, 0),
(92, 7, 0, 'aayush saxena', 'aayush', 'saxena', 1389967199, 0),
(93, 1, 0, 'Gaurav Chandak', 'gc93', 'Chandak', 1389808229, 0),
(94, 26, 0, 'parag gupta', 'darkhorcrux', 'gupta', 1390001953, 0),
(95, 8, 0, 'Saksham Aggarwal', 'sakagg', 'Aggarwal', 1389879782, 0),
(96, 17, 0, 'Vamsee Chamakura', 'Vamsee', 'Chamakura', 1389983458, 0),
(97, 17, 0, 'ramachandra sharma', 'ram235', 'sharma', 1389984941, 0),
(98, 8, 0, 'Ashish Sahay', 'phire404', 'Sahay', 1389981076, 0),
(99, 8, 0, 'Sriram Narayanan', 'Sriram', 'Narayanan', 1389879780, 0),
(100, 15, 0, 'Carl Johnson', 'carlj', 'Johnson', 1390003000, 0),
(101, 1, 0, 'Akhil Jindal', 'akhiljindal12', 'Jindal', 1389808392, 0),
(102, 32, 0, 'Dinesh Singla', 'roxkiller', 'Singla', 1389992746, 0),
(103, 44, 0, 'Prateek Saxena', 'Pammi', 'Saxena', 1390004495, 0),
(104, 15, 0, 'Sanjana Sharma', 'CagedHues', 'Sharma', 1389902968, 0),
(105, 1, 0, 'Rakesh Kumar', 'Raky', 'Kumar', 1389808435, 0),
(106, 12, 0, 'Ritu Gupta', 'ritugupta', 'Gupta', 1389919994, 0),
(107, 1, 0, 'Ayush Agrawal', 'ayusha', 'Agrawal', 1389808465, 0),
(108, 5, 0, 'Adarsh Mohata', 'adi', 'Mohata', 1389820402, 0),
(109, 6, 0, 'Siddharth Bhatore', 'sid1', 'Bhatore', 1389884730, 0),
(110, 3, 0, 'Deepak Kumar', 'rusty', 'Kumar', 1389833782, 0),
(111, 3, 0, 'Andrey Anurin', 'Abra', 'Anurin', 1389812448, 0),
(112, 4, 0, 'Anupriya Inumella', 'AP', 'Inumella', 1389814542, 0),
(113, 6, 0, 'ravindar kumar', 'root', 'kumar', 1389907570, 0),
(114, 32, 0, 'Vijaya-Sai-Krishna Gottipati', 'gvsaikrishna', 'Gottipati', 1390001518, 0),
(115, 25, 0, 'Nikhil Bhandari', 'Hellboy', 'Bhandari', 1389983325, 0),
(116, 19, 0, 'Shriram Rahatgaonkar', 'techwiz911', 'Rahatgaonkar', 1389986339, 0),
(117, 9, 0, 'ayan srivastava', 'ayan', 'srivastava', 1389879794, 0),
(118, 9, 0, 'giga dd', 'giga811', 'dd', 1389898941, 0),
(119, 9, 0, 'Team Wheatley', 'TeamWheatley', 'Wheatley', 1389914132, 0),
(120, 33, 0, 'Debayan Das', 'Iceflame007', 'Das', 1390006503, 0),
(121, 15, 0, 'akhil akkireddy', 'akhee', 'akkireddy', 1389898195, 0),
(122, 40, 0, 'Vanshika Srivastava', 'padfoot', 'Srivastava', 1390010464, 0),
(123, 47, 0, 'Pappu Pandey', 'pappu', 'Pandey', 1390008070, 0),
(124, 23, 0, 'Parag Agrawal', 'parag11', 'Agrawal', 1389973447, 0),
(125, 2, 0, 'Mihir Sahasrabudhe', 'Squid', 'Sahasrabudhe', 1389813827, 0),
(126, 14, 0, 'Saksham Agrawal', 'saksham115', 'Agrawal', 1389899724, 0),
(127, 1, 0, 'Arushi Jain', 'arushi', 'Jain', 1389809026, 0),
(128, 1, 0, 'Ritwik Mukherjee', 'sanritwik', 'Mukherjee', 1389809066, 0),
(129, 14, 0, 'Tanmay Sahay', 'tanmaysahay94', 'Sahay', 1389965110, 0),
(130, 3, 0, 'Miles Bench', 'coffeeblack198', 'Bench', 1389810224, 0),
(131, 44, 0, 'Sharan Girdhani', 'sharan123', 'Girdhani', 1390004503, 0),
(132, 3, 0, 'Rishabh Raj', 'sharky', 'Raj', 1389811949, 0),
(133, 15, 0, 'Meghana Manusanipalli', 'Meghana', 'Manusanipalli', 1389988913, 0),
(134, 3, 0, 'aman agarwal', 'dare109', 'agarwal', 1389866754, 0),
(135, 3, 0, 'ayush jhunjhunwala', 'ayushblaster', 'jhunjhunwala', 1389810568, 0),
(136, 1, 0, 'VeerabhadraRao Boda', 'bhadra', 'Boda', 1389809440, 0),
(137, 3, 0, 'Nisarg Jhaveri', 'nisargjhaveri', 'Jhaveri', 1389812579, 0),
(138, 1, 0, 'Ankit Mittal', 'Ankit75', 'Mittal', 1389809617, 0),
(139, 21, 0, 'Sudharshan Kumar', 'draco', 'Kumar', 1390009770, 0),
(140, 2, 0, 'Rajesh Vakkalagadda', 'orion', 'Vakkalagadda', 1389810709, 0),
(141, 2, 0, 'Devadath VV', 'blackmagic', 'VV', 1389810548, 0),
(142, 1, 0, 'Harsh Kedia', 'Harsh', 'Kedia', 1389809724, 0),
(143, 19, 0, 'javvaji kiran', 'kiran', 'kiran', 1389988856, 0),
(144, 46, 0, 'Prachish Gora', 'drazen167', 'Gora', 1390007251, 0),
(145, 2, 0, 'Anubhav Gupta', 'anubhavkkr', 'Gupta', 1389837123, 0),
(146, 3, 0, 'HIMANGI SARAOGI', 'visionary', 'SARAOGI', 1389810440, 0),
(147, 1, 0, 'sai chaitanya', 'qdgt', 'chaitanya', 1389809884, 0),
(148, 1, 0, 'vuthikarestha vuthikarestha', 'vuthikarestha', 'vuthikarestha', 1389810034, 0),
(149, 1, 0, 'krishna tulsyan', 'krishna0512', 'tulsyan', 1389810036, 0),
(150, 1, 0, 'Pallav Shah', 'pallav', 'Shah', 1389810073, 0),
(151, 11, 0, 'Shruti G', 'gshruti', 'G', 1389905429, 0),
(152, 1, 0, 'abcd efgh', 'maggie', 'efgh', 1389810095, 0),
(153, 46, 0, 'Darshit Singh Sarna', 'DAddY', 'papa', 1390007286, 0),
(154, 1, 0, 'Balasubramanian A', 'Immense', 'A', 1389810160, 0),
(155, 8, 0, 'Sponge Bob', 'spongebob', 'Bob', 1389826719, 0),
(156, 19, 0, 'sri teja', 'sri', 'teja', 1389988905, 0),
(157, 1, 0, 'ayush nigam', 'ayushrocker92', 'nigam', 1389810209, 0),
(158, 2, 0, 'Nishith Maheshwari', 'nishithm', 'Maheshwari', 1389810298, 0),
(159, 4, 0, 'Renat Gimadeev', 'ariacas', 'Gimadeev', 1389839998, 0),
(160, 1, 0, 'sonali goyal', 'sonali5', 'goyal', 1389810291, 0),
(161, 1, 0, 'Pulkit Aggarwal', 'pulkitrohan', 'Aggarwal', 1389810305, 0),
(162, 13, 0, 'DivyaJyothi Gaddipati', 'Divya', 'Gaddipati', 1389974384, 0),
(163, 3, 0, 'Amit Sharma', 'amishar', 'Sharma', 1389812871, 0),
(164, 4, 0, 'Swapna Kidambi', 'ks123', 'Kidambi', 1389817269, 0),
(165, 5, 0, 'hazard hazard', 'hazard', 'hazard', 1389837945, 0),
(166, 3, 0, 'Mihir Kulkarni', 'mihirk1994', 'Kulkarni', 1389810517, 0),
(167, 1, 0, 'Pranjal Rai', 'qwertyuiop', 'Rai', 1389810456, 0),
(168, 1, 0, 'Shiva Sharma', 'Shiv', 'Sharma', 1389810626, 0),
(169, 15, 0, 'Ajit Mathew', 'tija', 'Mathew', 1389898757, 0),
(170, 4, 0, 'Praveen Dakwale', 'praveend', 'Dakwale', 1389813117, 0),
(171, 4, 0, 'Himil Sheth', 'Sum', 'Sheth', 1389832548, 0),
(172, 37, 0, 'Aditi Gupta', 'scooby', 'Gupta', 1390004772, 0),
(173, 5, 0, 'gayatri nair', 'yogg', 'nair', 1389828880, 0),
(174, 10, 0, 'chandu nadakudhiti', 'ecivon', 'nadakudhiti', 1389893474, 0),
(175, 5, 0, 'Nicolae Ciobanu', 'nicolaeciobanu91', 'Ciobanu', 1389816117, 0),
(176, 1, 0, 'sandhyarani kairam', 'sandhya', 'kairam', 1389810835, 0),
(177, 46, 0, 'Aditya Singh', 'anarchy', 'Singh', 1390009071, 0),
(178, 2, 0, 'J -', 'jarcrack', '-', 1389811745, 0),
(179, 1, 0, 'Kunal Singhal', 'sky', 'Singhal', 1389810988, 0),
(180, 1, 0, 'chetan mohan', 'nani', 'mohan', 1389811007, 0),
(181, 1, 0, 'Sukhjashan Singh', 'darkscale', 'Singh', 1389811033, 0),
(182, 1, 0, 'Hemant Kumar', 'Hemant', 'Kumar', 1389811088, 0),
(183, 3, 0, 'kommeta narsingraj', 'chinna', 'narsingraj', 1389889370, 0),
(184, 4, 0, 'Samuel Gross', 'sg', 'Gross', 1389832342, 0),
(185, 33, 0, 'Bharat Choudary', 'bharath0428', 'Choudary', 1390008769, 0),
(186, 1, 0, 'xxxx xxxxx', 'hardwork', 'xxxxx', 1389811155, 0),
(187, 3, 0, 'akash yeshwanth', 'yashu', 'yeshwanth', 1389826749, 0),
(188, 3, 0, 'Gurjot Singh', 'jihaadi', 'Singh', 1389906514, 0),
(189, 1, 0, 'Pengyu CHEN', 'starrify', 'CHEN', 1389811270, 0),
(190, 8, 0, 'RRR RRR', 'RRR', 'RRR', 1389820988, 0),
(191, 1, 0, 'satvik Gupta', 'Blasters', 'Gupta', 1389811293, 0),
(192, 1, 0, 'chaithanya kiran', 'chaithanya', 'kiran', 1389811299, 0),
(193, 7, 0, 'Nitish Sharma', 'fuzzy', 'Sharma', 1389892834, 0),
(194, 3, 0, 'Gaurav Jain', 'popo', 'Jain', 1389816892, 0),
(195, 1, 0, 'Rajat Jain', 'raj04', 'Jain', 1389811368, 0),
(196, 10, 0, 'Manu Jain', 'MJ13', 'Jain', 1389897870, 0),
(197, 1, 0, 'Priya Juneja', 'codecrawler', 'Juneja', 1389811446, 0),
(198, 1, 0, 'Shantanu Patil', 'Perpendicular', 'Patil', 1389811462, 0),
(199, 33, 0, 'Saujanya Reddy', 'saujanya', 'Reddy', 1390008648, 0),
(200, 1, 0, 'Anurag Ghosh', 'xel', 'Ghosh', 1389811636, 0),
(201, 3, 0, 'Nurendra Choudhary', 'Nurendra', 'Choudhary', 1389812621, 0),
(202, 1, 0, 'Karan Aggarwal', 'karanaggarwal', 'Aggarwal', 1389811679, 0),
(203, 47, 0, 'Apurva Kumar', 'cruxeon', 'Kumar', 1390010286, 0),
(204, 2, 0, 'Eugene Ptashko', 'RooterX', 'Ptashko', 1389811957, 0),
(205, 8, 0, 'sriram gudimella', 'strykerami', 'gudimella', 1389817048, 0),
(206, 14, 0, 'Sai Miduthuri', 'Master', 'Miduthuri', 1389916025, 0),
(207, 1, 0, 'KALYANSUNDAR DAS', 'DEDICATED2SCIENCE', 'DAS', 1389812065, 0),
(208, 3, 0, 'Saumya Pathak', 'thisiscrap', 'Pathak', 1389866339, 0),
(209, 6, 0, 'Anubhav J', 'turtle', 'J', 1389920582, 0),
(210, 3, 0, 'Vladimir Smykalov', 'enot', 'Smykalov', 1389835806, 0),
(211, 47, 0, 'Simpi Kumari', 'Cameo', 'Kumari', 1390010348, 0),
(212, 5, 0, 'first last', 'ninja', 'last', 1389820603, 0),
(214, 1, 0, 'priyanka deshpande', 'cashin', 'deshpande', 1389812344, 0),
(215, 32, 0, 'Vinil Narang', 'TheGame', 'Narang', 1389982072, 0),
(216, 1, 0, 'Test TEst', 'test123', 'TEst', 1389812549, 0),
(217, 2, 0, 'Balasubramaniam Natarajan', 'bullet', 'Natarajan', 1389891250, 0),
(218, 1, 0, 'Lalithya Ch', 'Lalli', 'Ch', 1389812637, 0),
(219, 1, 0, 'divyata sharma', 'cachein', 'sharma', 1389812907, 0),
(220, 15, 0, 'Sanjana Karanth', 'BlackBox', 'Karanth', 1390001133, 0),
(221, 15, 0, 'Pratik Jacob', 'pratikej', 'Jacob', 1389905315, 0),
(222, 2, 0, 'Lalit Kundu', 'darkshadows', 'Kundu', 1389843383, 0),
(223, 1, 0, 'Soumya Sharma', 'soumya', 'Sharma', 1389813730, 0),
(224, 3, 0, 'Nairirya Khilari', 'Nkman', 'Khilari', 1389814331, 0),
(225, 3, 0, 'Manan Dhawan', 'Traitor', 'Dhawan', 1389880064, 0),
(226, 1, 0, 'Shivam Garg', 'shivamgarg', 'Garg', 1389813901, 0),
(227, 1, 0, 'Kushagra Desai', 'kush', 'Desai', 1389813973, 0),
(228, 46, 0, 'Saksham Garg', 'aiccha', 'Garg', 1390009552, 0),
(229, 1, 0, 'Mohsen Yazdinejad', 'mosiomohsen', 'Yazdinejad', 1389814312, 0),
(230, 2, 0, 'mahesh goud', 'paruchur', 'goud', 1389878458, 0),
(231, 3, 0, 'vikas singh', 'v1k1', 'singh', 1389815121, 0),
(232, 1, 0, 'vishal Goel', 'vishal', 'Goel', 1389814867, 0),
(233, 3, 0, 'Daljeet Singh', 'dj', 'Singh', 1389831762, 0),
(234, 1, 0, 'd dk', 'ddk', 'dk', 1389815398, 0),
(235, 1, 0, 'Kapil Dolas', 'kapildd', 'Dolas', 1389815660, 0),
(236, 2, 0, 'Georgy Chebanov', 'gchebanov', 'Chebanov', 1389815919, 0),
(237, 17, 0, 'Jagannadharaju Dantuluri', 'rockthehell', 'Dantuluri', 1389903437, 0),
(238, 2, 0, 'SHUBHAM GARG', 'codeshubh', 'GARG', 1389844933, 0),
(239, 10, 0, 'Shounak Dey', 'dylandey', 'Dey', 1389824670, 0),
(240, 1, 0, 'Akash Agrawall', 'aka007', 'Agrawall', 1389816098, 0),
(241, 3, 0, 'Owen Ou', 'f0r', 'Ou', 1389869124, 0),
(242, 1, 0, 'KANISHKA SINGHAL', 'KANISHKA', 'SINGHAL', 1389816262, 0),
(243, 1, 0, 'Anirudh Bhargava', 'venky5556', 'Bhargava', 1389816599, 0),
(244, 17, 0, 'Abhishek Chinni', 'Laxus94', 'Chinni', 1389903227, 0),
(245, 1, 0, 'Panagiotis Kostopanagiotis', 'infinity', 'Kostopanagiotis', 1389816701, 0),
(246, 3, 0, 'Tanoy Bose', 'Bose', 'Bose', 1389817747, 0),
(247, 5, 0, 'sasha grey', 'sashagrey', 'grey', 1389819557, 0),
(248, 3, 0, 'IIITHyderabad Rocks', 'IIIT', 'Rocks', 1389823879, 0),
(249, 6, 0, 'Mallipeddi Hardhik', 'Hardy', 'Hardhik', 1389870623, 0),
(250, 1, 0, 'Rounak Patni', 'rounak1160', 'Patni', 1389817351, 0),
(251, 2, 0, 'Jyothiram Pekala', 'J0rd3n', 'Pekala', 1389880180, 0),
(252, 2, 0, 'Siddharth Son_of_Gora Bonda ;) ', 'perplex', 'gora', 1389819884, 0),
(253, 9, 0, 'harish chava', 'harish', 'chava', 1389954114, 0),
(254, 8, 0, 'Kshitij Kansal', 'kansal', 'Kansal', 1389919860, 0),
(255, 11, 0, 'Edward Kenway', 'Assassin', 'Kenway', 1389908697, 0),
(256, 1, 0, 'Rasna Goyal', 'genius', 'Goyal', 1389817939, 0),
(257, 1, 0, 'Ashutosh Sharma', 'Ashutosh', 'Sharma', 1389817968, 0),
(258, 1, 0, 'Mrugesh Joshi', 'joshimrugesha', 'Joshi', 1389817988, 0),
(259, 3, 0, 'Sachin Gupta', 'sach', 'Gupta', 1389818713, 0),
(260, 1, 0, 'Gaurav Mittal', 'gauravmittal', 'Mittal', 1389818347, 0),
(261, 1, 0, 'chetan dha', 'che09dha', 'dha', 1389818469, 0),
(262, 13, 0, 'Sharvil Katariya', 'Sash', 'Katariya', 1389891291, 0),
(263, 3, 0, 'AKSHAY BAPAT', 'hawkeye', 'BAPAT', 1389877053, 0),
(264, 17, 0, 'Jack Baurer', '24', 'Baurer', 1389903448, 0),
(265, 14, 0, 'Akshat Khandelwal', 'akshatk7', 'Khandelwal', 1389913939, 0),
(266, 46, 0, 'Pulkit Singhal', 'GodDamnit', 'Singhal', 1390010442, 0),
(267, 1, 0, 'Akhil Lohchab', 'Shadowfax', 'Lohchab', 1389819008, 0),
(268, 1, 0, 'vivek nagaraju', 'vivekn', 'nagaraju', 1389819095, 0),
(269, 1, 0, 'Yu Ching', 'AAMchineseAADMI', 'Ching', 1389819157, 0),
(270, 8, 0, 'romil aggarwal', 'L', 'aggarwal', 1389828162, 0),
(271, 1, 0, 'Drishti Wali', 'oscar', 'Wali', 1389819958, 0),
(272, 17, 0, 'Archit Sachdeva', 'antiarchit', 'Sachdeva', 1389988896, 0),
(273, 16, 0, 'Spandana Karanam', 'Spandana', 'Karanam', 1390005037, 0),
(274, 15, 0, 'Aditya Sreekar', 'BlackMamba', 'Sreekar', 1389897481, 0),
(275, 17, 0, 'Mohit Garg', 'Mohitgarg', 'Garg', 1389984072, 0),
(276, 1, 0, 'shubham gupta', 'shubh234', 'gupta', 1389820686, 0),
(277, 8, 0, 'Niharika Kohli', 'Niharika', 'Kohli', 1389824204, 0),
(278, 2, 0, 'Yuzhou Gu', 'sevenkplus', 'Gu', 1389821188, 0),
(279, 15, 0, 'JeevanChowdary Mandadapu', 'mjeevan268', 'Mandadapu', 1389907171, 0),
(280, 15, 0, 'Ayush Soni', 'kingayu', 'Soni', 1389996149, 0),
(281, 15, 0, 'Chirag Bakliwal', 'twincoder', 'Bakliwal', 1389996169, 0),
(282, 8, 0, 'Kaveri Anuranjana', 'Homra', 'Anuranjana', 1389823865, 0),
(283, 17, 0, 'Rahul Mittal', 'Elites', 'Mittal', 1389974106, 0),
(284, 1, 0, 'Aashik Ahmed', 'Aash', 'Ahmed', 1389821554, 0),
(285, 2, 0, 'Roman Lebedev', 'n0n3m4', 'Lebedev', 1389822030, 0),
(286, 1, 0, 'Abhishek Sharma', 'cr0m3t', 'Sharma', 1389821978, 0),
(287, 1, 0, 'Jahnavi Suthar', 'jahnavi59', 'Suthar', 1389822007, 0),
(288, 3, 0, 'piyush Gaurav', 'dantedevil', 'Gaurav', 1389823751, 0),
(289, 3, 0, 'Apaar Garg', 'apaargarg', 'Garg', 1389902648, 0),
(290, 1, 0, 'Pulkit Agarwal', 'PulkitIIIT', 'Agarwal', 1389822608, 0),
(291, 1, 0, 'sumit chawla', 'imperfect', 'chawla', 1389822610, 0),
(292, 13, 0, 'Sagar Gaur', 'firzen', 'Gaur', 1389954318, 0),
(293, 3, 0, 'Saeed Nejati', 'saeedn', 'Nejati', 1389824746, 0),
(294, 2, 0, 'Soumyajit Paul', 'soumyajit', 'Paul', 1389824306, 0),
(295, 9, 0, 'Margarita Murashko', 'Yuiyui', 'Murashko', 1389929077, 0),
(296, 9, 0, 'Neel Bommisetty', 'Horcrux', 'Bommisetty', 1389967478, 0),
(297, 16, 0, 'Deepak Chawla', 'DC', 'Chawla', 1389989102, 0),
(298, 1, 0, 'Sumit Goel', 'sumit', 'Goel', 1389823707, 0),
(299, 1, 0, 'Tushant Jha', 'particlemania', 'Jha', 1389824079, 0),
(300, 6, 0, 'bhalu bhalu', 'bhalu', 'bhalu', 1389837276, 0),
(301, 9, 0, 'Rashika Kheria', 'killerinstinct', 'Kheria', 1389828266, 0),
(302, 15, 0, 'Aniket Sachdeva', 'CR', 'Sachdeva', 1389916279, 0),
(303, 26, 0, 'Mohit Goel', 'mohit', 'Goel', 1389977222, 0),
(304, 5, 0, 'Aditya Abhas', 'adityaabhas', 'Abhas', 1389886875, 0),
(305, 44, 0, 'Mayank Gupta', 'wrumf', 'Gupta', 1390005655, 0),
(306, 9, 0, 'mallipeddi akshay', 'evilgenius', 'akshay', 1389908031, 0),
(307, 15, 0, 'Shubham modani', 'shubham31', 'modani', 1389996136, 0),
(308, 1, 0, 'Santhosh Baswa', 'crazybullettu', 'Baswa', 1389826854, 0),
(309, 15, 0, 'Sajal Srivastava', 'Linkinpark', 'Srivastava', 1389916176, 0),
(310, 16, 0, 'Bhavana Gannu', 'gannu', 'Gannu', 1389984709, 0),
(311, 2, 0, 'Ever Lee', 'EverTokki', 'Lee', 1389827497, 0),
(312, 1, 0, 'Saurabh Verma', 'saurv4u', 'Verma', 1389827689, 0),
(313, 1, 0, 'aravind paduru', 'aravindreddypaduru', 'paduru', 1389828162, 0),
(314, 3, 0, 'pg pg', 'pg', 'pg', 1389836591, 0),
(315, 15, 0, 'Chayan Banerjee', 'ChKB', 'Banerjee', 1389973142, 0),
(316, 5, 0, 'Vinit Garg', 'Wine', 'Garg', 1389833342, 0),
(317, 1, 0, 'Manikant Prasad', 'mystic', 'Prasad', 1389829929, 0),
(318, 1, 0, 'SAUMYA GURTU', 'radhikaSG', 'GURTU', 1389829950, 0),
(319, 15, 0, 'Utsav Bhagat', 'utsav17b', 'Bhagat', 1389923264, 0),
(320, 15, 0, 'abbas piplodawala', 'coderap21', 'piplodawala', 1389996194, 0),
(321, 13, 0, 'Vikram Srivastava', 'Kaizen', 'Srivastava', 1389898544, 0),
(322, 1, 0, 'Aravind HM', 'NightHawk', 'HM', 1389831494, 0),
(323, 27, 0, 'Bhagyesh Varvdekar', 'Drake', 'Varvdekar', 1389999088, 0),
(324, 29, 0, 'Mihir Wadwekar', 'mihirw', 'Wadwekar', 1389972039, 0),
(325, 1, 0, 'jeong ruby', 'rubiya', 'ruby', 1389832818, 0),
(326, 1, 0, 'Saurabh Jain', 'saurabhsuniljain', 'Jain', 1389833546, 0),
(327, 1, 0, 'bob builder', 'bobthebuilder', 'builder', 1389833774, 0),
(328, 1, 0, 'ManMohan Mishra', 'm17', 'Mishra', 1389834338, 0),
(329, 1, 0, 'Sameer Agarwal', 'sameeragarwal', 'Agarwal', 1389834344, 0),
(330, 1, 0, 'Adi Shae', 'kakarot', 'Shae', 1389834380, 0),
(331, 15, 0, 'Mridul Mundara', 'spike', 'Mundara', 1389983838, 0),
(332, 3, 0, 'Rahul Sharma', '123007', 'Sharma', 1389835573, 0),
(333, 4, 0, 'Steven Valdez', 'dvorak42', 'Valdez', 1389836103, 0),
(334, 3, 0, 'Gaurav Agrawal', 'gaurav708', 'Agrawal', 1389839066, 0),
(335, 1, 0, 'Swaraj Khadanga', 'sonuk7', 'Khadanga', 1389836984, 0),
(336, 35, 0, 'Manas Tewari', 'Hmmmm', 'Tewari', 1390010386, 0),
(337, 1, 0, 'Hans Zimmer', 'HansZimmer', 'Zimmer', 1389838342, 0),
(338, 3, 0, 'harsh kapoor', 'crazy9', 'kapoor', 1389840836, 0),
(339, 30, 0, 'Dude pawnstar', 'JamesDean', 'pawnstar', 1389966759, 0),
(340, 1, 0, 'Aditya Deepak', 'adijimmy', 'Deepak', 1389841969, 0),
(341, 1, 0, 'krishna gandhi', 'dean', 'gandhi', 1389843759, 0),
(342, 2, 0, 'Liang He', 'roba', 'He', 1389848923, 0),
(343, 9, 0, 'Ilya Vorobyev', 'IlyaMSU', 'Vorobyev', 1389937923, 0),
(344, 5, 0, 'Mariia Mykhailova', 'Nickolas', 'Mykhailova', 1389871916, 0),
(345, 2, 0, 'Igor Naverniouk', 'Abednego', 'Naverniouk', 1389851234, 0),
(346, 20, 0, 'Alexander Indihar', 'Luffy', 'Indihar', 1390009761, 0),
(347, 2, 0, 'foo bar', 'phreeek', 'bar', 1389854086, 0),
(348, 3, 0, 'Kene Okoye', 'Zoro', 'Okoye', 1389941616, 0),
(349, 2, 0, 'Louis Dion-Marcil', 'ldionmarcil', 'Dion-Marcil', 1389854127, 0),
(350, 2, 0, 'Anuvab Chhotray', 'anuvab1911', 'Chhotray', 1389858316, 0),
(351, 1, 0, 'mauz maus', 'mau5', 'maus', 1389860322, 0),
(352, 1, 0, 'shubham agarwal', 'mshubham', 'agarwal', 1389861361, 0),
(353, 1, 0, 'Rajashekar Billapati', 'klaus', 'Billapati', 1389862278, 0),
(354, 1, 0, 'Hiromu Yakura', 'hiromu', 'Yakura', 1389862367, 0),
(355, 33, 0, 'jahnavi nukireddy', 'jahnavi', 'nukireddy', 1390008681, 0),
(356, 5, 0, 'Himanshu Billore', 'himanshuBi', 'Billore', 1389882148, 0),
(357, 13, 0, 'shashank siripragada', 'skywalker', 'siripragada', 1389991271, 0),
(358, 5, 0, 'Rahul Jain', 'Anonymous', 'Jain', 1389869949, 0),
(359, 1, 0, 'divya pabba', 'divyapabba', 'pabba', 1389867529, 0),
(360, 13, 0, 'Abhineet Jain', 'AbhiJ', 'Jain', 1389894751, 0),
(361, 3, 0, 'Navid Oskouipour', 'navidop', 'Oskouipour', 1389870408, 0),
(362, 3, 0, 'way ch', 'way', 'ch', 1389870825, 0),
(363, 1, 0, 'Bhargava Veepurie', 'bhargavveepuri7777', 'Veepurie', 1389870763, 0),
(364, 1, 0, 'praneeth vasantham', 'khorne', 'vasantham', 1389871364, 0),
(365, 3, 0, 'pawan gambhir', 'pawangambhir', 'gambhir', 1389872795, 0),
(366, 3, 0, 'kartik dubey', 'kartik179', 'dubey', 1389872267, 0),
(367, 24, 0, 'supraja reddy', 'sammy2dom', 'reddy', 1389979068, 0),
(368, 17, 0, 'nikhil chandra', 'oops', 'chandra', 1389905059, 0),
(369, 1, 0, 'Shubham Tyagi', 'shadoww', 'Tyagi', 1389872176, 0),
(370, 1, 0, 'Tushar Pal', 'lucifer', 'Pal', 1389872361, 0),
(371, 3, 0, 'Suresh Santhanam', 'zoron', 'Santhanam', 1389874172, 0),
(372, 5, 0, 'Abhimanyu Kumar', 'Abhimanyu', 'Kumar', 1389882201, 0),
(373, 5, 0, 'Akshay Jain', 'aksjain', 'Jain', 1389884716, 0),
(374, 1, 0, 'Mallappa Prathyusha', 'prathyusha', 'Prathyusha', 1389876396, 0),
(375, 29, 0, 'Udyan Khurana', 'UdyanK', 'Khurana', 1389972319, 0),
(376, 35, 0, 'Prithvi Reddy', 'Percy', 'Reddy', 1390008700, 0),
(377, 9, 0, 'Shraddhan Jain', 'CaptAin', 'Jain', 1389965590, 0),
(378, 13, 0, 'Jerome Jerome', 'p0ff', 'Jerome', 1389891254, 0),
(379, 2, 0, 'VenkataSateesh Netti', 'sateesh935', 'Netti', 1389881226, 0),
(380, 12, 0, 'shim omire', 'shimomire', 'omire', 1389907202, 0),
(381, 6, 0, 'HarshaNidhi Gudisa', 'Pandugadu', 'Gudisa', 1389964061, 0),
(382, 3, 0, 'Albert Pinto', 'AlbertPinto', 'Pinto', 1389881315, 0),
(383, 1, 0, 'Rahul konda', 'rahul', 'konda', 1389882373, 0),
(384, 15, 0, 'ARPAN KUNDU', 'jackdaw', 'KUNDU', 1389985467, 0),
(385, 13, 0, 'aman singh', 'amanuv19', 'singh', 1389891212, 0),
(386, 15, 0, 'Shyamli Venkatapathy', 'Shyamli', 'Venkatapathy', 1389904840, 0),
(387, 15, 0, 'Praneeth Bulusu', 'Praneeth', 'Bulusu', 1389907592, 0),
(388, 1, 0, 'shubham chawla', 'king', 'chawla', 1389883989, 0),
(389, 17, 0, 'Avinash Kumar', 'Redd', 'Kumar', 1389984758, 0),
(390, 13, 0, 'Akhile kumar', 'akhile', 'kumar', 1389999963, 0),
(391, 15, 0, 'aravind paduru', 'aravindpaduru', 'paduru', 1389907617, 0),
(392, 5, 0, 'chesta badjatya', 'chesta', 'badjatya', 1389886979, 0),
(393, 1, 0, 'Harshit Harchani', 'gos', 'Harchani', 1389884809, 0),
(394, 4, 0, 'Undral Amarsaikhan', 'uundaa', 'Amarsaikhan', 1389892829, 0),
(395, 13, 0, 'Sanjay Khan', 'KIG', 'Khan', 1390000035, 0),
(396, 2, 0, 'Shubham singh', 'shubhamsingh147', 'singh', 1389886901, 0),
(397, 13, 0, 'Manoj M', 'thills167', 'M', 1389965944, 0),
(398, 4, 0, 'amit saharana', 'amitsaharana', 'saharana', 1389888851, 0),
(399, 1, 0, 'tushar jain', 'pixelated', 'jain', 1389888805, 0),
(400, 1, 0, 'faisal ali', 'raymond', 'ali', 1389891150, 0),
(401, 8, 0, 'Sarvesh Mahajan', 'sarvesh', 'Mahajan', 1389906953, 0),
(402, 32, 0, 'bharath kota', 'bharath', 'kota', 1389991412, 0),
(403, 11, 0, 'SIDDHANT SINGH', 'BLACKSHARK', 'SINGH', 1389999259, 0),
(404, 6, 0, 'prakhar sharma', 'pinky', 'sharma', 1389892657, 0),
(405, 12, 0, 'Prashanth YV', 'stsarc', 'YV', 1389899269, 0),
(406, 3, 0, 'Bobby Joe', 'rapell', 'Joe', 1389896820, 0),
(407, 3, 0, 'Me drake', 'qfwhaox', 'drake', 1389895494, 0),
(408, 4, 0, 'Nishaanth Kumar', 'nguna', 'Kumar', 1389895879, 0),
(409, 32, 0, 'Aishwarya Jain', 'Aishwarya', 'Jain', 1389991043, 0),
(410, 32, 0, 'Asif Hussain', 'carlasif', 'Hussain', 1389990964, 0),
(411, 4, 0, 'VIBHOR GOYAL', 'VIBGYOR', 'GOYAL', 1389904713, 0),
(412, 2, 0, 'Parijat Dewangan', 'Parijat', 'Dewangan', 1389898785, 0),
(413, 1, 0, 'Temp User', 'ben10', 'User', 1389899812, 0),
(414, 27, 0, 'Arnav Agrawal', 'knowing42', 'Agrawal', 1389936382, 0),
(415, 1, 0, 'Vivek Prakash', 'vivekprakash', 'Prakash', 1389900049, 0),
(416, 3, 0, 'Taradheesh Bali', 'kos', 'Bali', 1389901952, 0),
(417, 35, 0, 'Atharva Wazurkar', 'atharva', 'Wazurkar', 1390008722, 0),
(418, 13, 0, 'Namrata Yadav', 'Namrata', 'Yadav', 1389999924, 0),
(419, 15, 0, 'hitesh agrawal', 'hitesh312', 'agrawal', 1389996166, 0),
(420, 8, 0, 'Jasmine Bhanushali', 'jay123', 'Bhanushali', 1389998314, 0),
(421, 32, 0, 'SHARTHAK MISHRA', 'SHAR', 'MISHRA', 1390001278, 0),
(422, 15, 0, 'Khushi Sharma', 'Orange', 'Sharma', 1389907765, 0),
(423, 8, 0, 'Brij Vaid', 'brij', 'Vaid', 1389976386, 0),
(424, 3, 0, 'Abhay Sibal', 'devilsliveon', 'Sibal', 1389907645, 0),
(425, 2, 0, 'Gaurav Mishra', 'gauravm043', 'Mishra', 1389907355, 0),
(426, 8, 0, 'Nikita Polianskii', 'poldniknikita', 'Polianskii', 1389908781, 0),
(427, 46, 0, 'Deepesh jain', 'djk', 'jain', 1390007834, 0),
(428, 3, 0, 'chitra khatwani', 'chitra', 'khatwani', 1389911199, 0),
(429, 6, 0, 'Yogesh Kumar', 'Yogi', 'Kumar', 1389911525, 0),
(430, 33, 0, 'sitakanta mohanty', 'situ7', 'mohanty', 1390009077, 0),
(431, 32, 0, 'Vrushank Vyas', 'Vrv', 'Vyas', 1389990577, 0),
(432, 1, 0, 'sandeep kachavarapu', 'Amigo', 'kachavarapu', 1389912190, 0),
(433, 29, 0, 'January Jones', 'JJ', 'Jones', 1389991377, 0),
(434, 35, 0, 'Chetna Gupta', 'cheat', 'Gupta', 1390010379, 0),
(435, 15, 0, 'Suman Sadhukhan', 'sumkhan', 'Sadhukhan', 1389979100, 0),
(436, 3, 0, 'shubh j', 'sj', 'j', 1389917491, 0),
(437, 2, 0, 'Oleksandr Kozlov', 'kai977', 'Kozlov', 1389917256, 0),
(438, 10, 0, 'Ganesh Katrapati', 'neshkatrapati', 'Katrapati', 1389922651, 0),
(439, 1, 0, 'Mohit Goyal', 'm6394g', 'Goyal', 1389917712, 0),
(440, 16, 0, 'basis babakhania', 'basis', 'babakhania', 1389991126, 0),
(441, 47, 0, 'Shubham Upadhaya', 'kajubadam', 'Upadhaya', 1390010132, 0),
(442, 40, 0, 'Rishav Kumar', 'pseudonym', 'Kumar', 1390008081, 0),
(443, 6, 0, 'Dmitry Mulyavka', 'azrael', 'Mulyavka', 1390009861, 0),
(444, 9, 0, 'Vladislav Shchukin', 'vpike', 'Shchukin', 1389934059, 0),
(445, 29, 0, 'Sashank Surya', 'nikiLAUDA', 'Surya', 1389974707, 0),
(446, 3, 0, 'Pratyai Mazumder', 'karmapolice', 'Mazumder', 1389937238, 0),
(447, 3, 0, 'Yash Shah', 'HP19', 'Shah', 1389946359, 0),
(448, 1, 0, 'Phiwat Klomkaew', 'usopp', 'Klomkaew', 1389947333, 0),
(449, 3, 0, 'Divyanshu Goel', 'Chronos', 'Goel', 1389948947, 0),
(450, 8, 0, 'Thrupthi John', 'TyanTowers', 'John', 1389952897, 0),
(451, 9, 0, 'Avinash Kalivarapu', 'AvinashTheTrending', 'Kalivarapu', 1389952179, 0),
(452, 11, 0, 'srinivas kotla', 'srinivas', 'kotla', 1389997028, 0),
(453, 33, 0, 'nithiya shree', 'nith', 'shree', 1390008702, 0),
(454, 17, 0, 'Sauradeep Paul', 'Zekrina', 'Paul', 1389963649, 0),
(455, 13, 0, 'Po-Hsiang Hao', 'johnathan79717', 'Hao', 1389967596, 0),
(456, 9, 0, 'Stimim Chen', 'stimim', 'Chen', 1389978876, 0),
(457, 5, 0, 'pavan suri', 'Pavansuri', 'suri', 1389964237, 0),
(458, 29, 0, 'shan nider', 'shannider', 'nider', 1389972057, 0),
(459, 2, 0, 'INSANE w', '1ns4n3', 'w', 1389968373, 0),
(460, 19, 0, 'Aniket Jain', 'Aniket', 'Jain', 1389986330, 0),
(461, 16, 0, 'agamamidi saikiranagamamidi', 'saikiranagamamidi', 'saikiranagamamidi', 1389978773, 0),
(462, 1, 0, 'Niharika Arora', 'Niks', 'Arora', 1389971204, 0),
(463, 3, 0, 'Suresh P', 'suresh', 'P', 1389971488, 0),
(464, 17, 0, 'Aditya Baskar', 'adibaskar', 'Baskar', 1389974944, 0),
(465, 1, 0, 'Ravi Khatri', 'rvkhatri', 'Khatri', 1389973387, 0),
(466, 1, 0, 'Abhishek Shah', 'aragorn', 'Shah', 1389976276, 0),
(467, 28, 0, 'fake totally', 'fake', 'totally', 1389998459, 0),
(468, 32, 0, 'Aarushi Shah', 'TukTuk', 'Shah', 1390004138, 0),
(469, 3, 0, 'Aditya Singh', 'soulkernel', 'Singh', 1389987439, 0),
(470, 1, 0, 'Himani Sharma', 'Himani', 'Sharma', 1389987516, 0),
(471, 2, 0, 'botbot biebie', 'botbie', 'biebie', 1389989392, 0),
(472, 15, 0, 'Mayank Verma', 'Max', 'Verma', 1389996462, 0),
(473, 1, 0, 'Lis S', 'Lis', 'S', 1389992122, 0),
(474, 18, 0, 'Phani Teja', 'Shinigami', 'Teja', 1390009718, 0),
(475, 15, 0, 'ayush agrawal', 'ayu123', 'agrawal', 1389996385, 0),
(476, 3, 0, 'chandra patlolla', 'pckr', 'patlolla', 1389998337, 0),
(477, 3, 0, 'Muralidhar Konda', 'Darky', 'Konda', 1389998588, 0),
(478, 1, 0, 'sonika k', 'akinos', 'k', 1390000326, 0),
(479, 2, 0, 'Jaya Chaubey', 'jo', 'Chaubey', 1390005843, 0),
(480, 35, 0, 'rohti sharma', 'duke', 'sharma', 1390008721, 0),
(481, 8, 0, 'Krishna Mundhra', 'krishmundhra', 'Mundhra', 1390003941, 0),
(482, 1, 0, 'AKSHAY KUMAR', 'akshaykumar201189', 'KUMAR', 1390001856, 0),
(483, 35, 0, 'Sri-Harsha T', 'SchnTgai', 'T', 1390008674, 0),
(484, 1, 0, 'Prashasti Kapadia', 'pnkapadia6', 'Kapadia', 1390010571, 0);

--
-- Constraints for dumped tables
--

--
-- Constraints for table `answers`
--
ALTER TABLE `answers`
  ADD CONSTRAINT `answers_ibfk_1` FOREIGN KEY (`qid`) REFERENCES `questions` (`id`),
  ADD CONSTRAINT `answers_ibfk_2` FOREIGN KEY (`next_qid`) REFERENCES `questions` (`id`);

--
-- Constraints for table `attachments`
--
ALTER TABLE `attachments`
  ADD CONSTRAINT `attachments_ibfk_1` FOREIGN KEY (`qid`) REFERENCES `questions` (`id`);

--
-- Constraints for table `comments`
--
ALTER TABLE `comments`
  ADD CONSTRAINT `comments_ibfk_1` FOREIGN KEY (`qid`) REFERENCES `questions` (`id`),
  ADD CONSTRAINT `comments_ibfk_2` FOREIGN KEY (`user_id`) REFERENCES `user` (`id`);

--
-- Constraints for table `user`
--
ALTER TABLE `user`
  ADD CONSTRAINT `user_ibfk_1` FOREIGN KEY (`cur_question`) REFERENCES `questions` (`id`);

/*!40101 SET CHARACTER_SET_CLIENT=@OLD_CHARACTER_SET_CLIENT */;
/*!40101 SET CHARACTER_SET_RESULTS=@OLD_CHARACTER_SET_RESULTS */;
/*!40101 SET COLLATION_CONNECTION=@OLD_COLLATION_CONNECTION */;
